Date,scaled_Oil,scaled_Gas,scaled_monthly_oil_price,scaled_monthly_gas_price,scaled_Revenue Oil,scaled_Revenue Gas,scaled_Total Revenue,scaled_$M Total Revenue
1997-01-01,0.722649242493682,0.845847174283807,0.1124622541418428,0.1543681085665819,0.23382297235388094,0.2598240329451387,0.2449864320854315,0.24484014569000412
1997-02-01,0.6342582286879056,0.7902504750295289,0.08838651758752958,0.04410517387616625,0.15570429905629357,0.10914568264657133,0.12639453220139177,0.1262646701740186
1997-03-01,0.766004530634158,0.9555810226041079,0.07851138496694685,0.022052586938083124,0.17510760817619486,0.10268378331479679,0.13637417975285163,0.13638203156616752
1997-04-01,0.7463674178440641,0.8850752884638775,0.06814657634864929,0.033927056827820185,0.147107617307646,0.10942078964484848,0.12082458911808205,0.12059894779441527
1997-05-01,0.8497907091446354,0.9626652467585823,0.07728719497265976,0.05258693808312129,0.19686793673436098,0.14591770922260516,0.16996845917013978,0.16997167138810199
1997-06-01,0.7384628143182007,0.9045967722317874,0.0645556190320738,0.04834605597964378,0.13727274991243604,0.13141811188432684,0.12407469964678128,0.12383650343990288
1997-07-01,0.8456485397652626,0.9273684580392836,0.06782012568350607,0.04749787955894827,0.17373974492281619,0.13364658088809217,0.14920915510246394,0.1489275596924322
1997-08-01,0.8146673824894045,0.9057617095116723,0.0701868930057945,0.07294317217981341,0.17056486346413247,0.16457705262763472,0.16083332303727274,0.16066369890732501
1997-09-01,0.7808272990349489,0.8617765428661781,0.06896270301150739,0.10602205258693809,0.15841276323084685,0.20038960070961076,0.16868006687516948,0.16875758802104412
1997-10-01,0.7629360953615559,0.9108971638777545,0.08144944095323592,0.12213740458015265,0.18059253527529506,0.2316129090474029,0.19722199848328395,0.19708619991906107
1997-11-01,0.7029335637933368,0.8720123142789957,0.07214559699665388,0.11704834605597964,0.14340611088623573,0.21686956299467897,0.16605734519524226,0.16592472683124243
1997-12-01,0.7625170771735478,0.8885565859499374,0.05696564106749366,0.061068702290076354,0.12726860900719056,0.14592449848666217,0.1238884049594283,0.12383650343990288
1998-01-01,0.7678333704339021,0.8603656443508652,0.04382600179547866,0.0390161153519932,0.09996332536654973,0.11267694622039733,0.09105445396835551,0.09105625252934035
1998-02-01,0.7388338200054997,0.6915605564670237,0.038439565820615335,0.05089058524173029,0.08168870882721391,0.10277123578407786,0.07455852107685482,0.0744637798462161
1998-03-01,1.0,0.8813926271092527,0.03076797518974944,0.0517387616624258,0.12062783090072093,0.13245743376515506,0.11351500543010792,0.11331444759206799
1998-04-01,0.9247818704797323,0.8442362633352885,0.03264506651432303,0.0678541136556404,0.10930319293563318,0.14766392800035172,0.11276507761011276,0.1125050586806961
1998-05-01,0.9993452840812372,0.9405463042297224,0.029054109197747494,0.043256997455470764,0.11606886044359033,0.1297893615095665,0.10931238593504408,0.10926750303520844
1998-06-01,0.893556285927536,0.9012208867037681,0.0193422019097364,0.045801526717557245,0.07069561160217602,0.1275138026445018,0.07826002924690931,0.07810602994738974
1998-07-01,0.8919806029497134,0.9583109220302883,0.023014771892597735,0.045801526717557245,0.07918850774734404,0.13587335006805612,0.08759313909805963,0.08741400242816677
1998-08-01,0.8712086492337642,0.9862031964149123,0.0173018852525912,0.018659881255301103,0.061588355219106106,0.10182222342616278,0.060828533902097276,0.06070416835289355
1998-09-01,0.8621910286460038,0.8560694313430295,0.03003346119317718,0.0330788804071247,0.08972816119429061,0.10434363572312681,0.08057939802351496,0.08053419668150547
1998-10-01,0.8924607279568063,1.0,0.02538153921488616,0.02374893977947412,0.0849540167109405,0.11075077136458404,0.08026170159154486,0.0801295022258195
1998-11-01,0.830184149764084,0.9025425904853546,0.01346608993715824,0.04156064461407974,0.045070356653850174,0.12203095531433612,0.05885987316254318,0.0586806960744638
1998-12-01,0.8168672279764476,0.8726691118637104,0.0,0.007633587786259527,0.01213102149481543,0.07315272252520828,0.015358926883418583,0.015378389316066388
1999-01-01,0.788823562789439,0.867890436432535,0.00954868195543948,0.018659881255301103,0.028852381264693805,0.08705271522481157,0.0325990000824804,0.03237555645487658
1999-02-01,0.6721575508386911,0.6877549144946848,0.005386435974863296,0.01187446988973706,0.0,0.05664286376830084,0.0,0.0
1999-03-01,0.7187253117538966,0.8141898009876289,0.027177017873173906,0.013570822731128085,0.05354129208706193,0.0738950813578395,0.04310691546789122,0.04289761230271144
1999-04-01,0.6468331391009442,0.7335104614611179,0.04864114910634129,0.04410517387616625,0.0811397564275888,0.10091396215527428,0.07337082850350965,0.07324969647915824
1999-05-01,0.6678451553204398,0.7654935306789341,0.0519872684240594,0.05343511450381677,0.09295993269325997,0.11702477724363074,0.08834685120088617,0.08822339133953866
1999-06-01,0.5905755825880484,0.7157796295445393,0.05361952174977558,0.05682782018659879,0.07685154205133604,0.11348039292685626,0.0761082466119388,0.07608255766895994
1999-07-01,0.6148742727197335,0.7459747497817433,0.07141108300008162,0.05767599660729433,0.11709967658191184,0.11919629029505162,0.10529391827869758,0.10522055847834882
1999-08-01,0.5702575652424414,0.6899280225527533,0.08104137762180691,0.09923664122137404,0.1222896523108633,0.15905863301911655,0.1264204046199234,0.1262646701740186
1999-09-01,0.5205951804178833,0.62443746503161,0.10160776952583042,0.07803223070398643,0.14364085029933055,0.12299453198873926,0.12455292801933474,0.12464589235127482
1999-10-01,0.5484686194660137,0.637462599026426,0.09254876356810579,0.09329940627650551,0.13657393903242454,0.14245105080823045,0.1285081988403761,0.1282881424524484
1999-11-01,0.5228343088600523,0.5670893055514261,0.11140128948012731,0.06276505513146735,0.16163901368581118,0.09676614768434873,0.12483023448619981,0.12464589235127482
1999-12-01,0.5477135137730406,0.5280098492609,0.12037868277156616,0.06191687871077184,0.18654621386278286,0.08963389310777488,0.1381566251248513,0.1380008093889114
2000-01-01,0.5358937090529753,0.43892593323368745,0.12984575206071983,0.06700593723494486,0.19911525162857885,0.08038205309068615,0.14237304950238136,0.14245244840145688
2000-02-01,0.4874403662917327,0.4502847474302456,0.14706602464702523,0.08736217133163701,0.20990812009120902,0.10215934389974755,0.15918353921872933,0.15904492108458113
2000-03-01,0.5054057711025853,0.545752844095714,0.15090181996245816,0.09838846480067856,0.2239391221193477,0.13092385163713532,0.18123884583040165,0.18130311614730882
2000-04-01,0.4598593670206498,0.5401579017074034,0.11727740145270546,0.11959287531806617,0.14930894856135957,0.15213917559065426,0.14123969018156182,0.14123836503439907
2000-05-01,0.5347108556264103,0.5920449108998667,0.14233249000244838,0.1662425784563189,0.22091436929509117,0.21369964055976387,0.2159703214614109,0.21570214488061518
2000-06-01,0.47450317973697875,0.5303762125753764,0.16706112788704808,0.22561492790500426,0.23815191031255012,0.26065080936850415,0.24821961269348417,0.24807770133549167
2000-07-01,0.5074397552235418,0.5379172218813602,0.14975924263445686,0.2001696352841391,0.22280649091290278,0.23615676787331563,0.22718915146678428,0.22703358963982195
2000-08-01,0.5257892600400685,0.6036172518832252,0.16249081857504283,0.23748939779474132,0.25293000378175934,0.2949226358801097,0.27321361990060244,0.27316875758802106
2000-09-01,0.46743224781434,0.5366522783848726,0.18387333714192444,0.2909245122985581,0.26301885509261497,0.3308729052549903,0.29584764780840755,0.2958316471064347
2000-10-01,0.4710724683226615,0.13621522418961185,0.17758916183791723,0.2875318066157761,0.25423402205632323,0.19167535003204428,0.22825797563304692,0.22824767300687987
2000-11-01,0.46062756703199814,0.5866675496044349,0.18828042112135807,0.3299406276505513,0.2670834901069728,0.3903680441806821,0.3249416626152528,0.3249696479158235
2000-12-01,0.46735368190408844,0.5990183173548627,0.13947604668244512,0.616624257845632,0.18899927367374758,0.7094652276351099,0.4148494707918622,0.4148118170781061
2001-01-01,0.48563335035594724,0.6420804536498215,0.14886150330531298,0.55470737913486,0.21221318682932672,0.6652813464413763,0.4106119396587907,0.4103601780655606
2001-02-01,0.36702937928566126,0.4930211878035662,0.1490247286378846,0.33757421543681093,0.16331294190871243,0.3632171917625901,0.24418416655334926,0.24403075677863212
2001-03-01,0.4312831995530473,0.5675514964443735,0.129764139394434,0.30534351145038174,0.15905160113622513,0.35688002703339955,0.23855034432259084,0.23836503439902879
2001-04-01,0.39342316035738756,0.5402673679715226,0.1317228433852934,0.30195080576759975,0.14762014780842686,0.343687896044868,0.22512695568780436,0.2250101173613922
2001-05-01,0.4178789823095759,0.6035686002102834,0.14102668734187546,0.21713316369804925,0.1717482206757927,0.27250326945924713,0.20951232200895228,0.20963172804532576
2001-06-01,0.4000052377273501,0.5927463058514448,0.13262058271443727,0.1772688719253605,0.1515461320678405,0.22591056193771963,0.17545922409753603,0.17523269931201946
2001-07-01,0.42878218474337315,0.6397181446414237,0.1230719007589978,0.1255301102629347,0.14738840270448522,0.1792677944228535,0.1520071925574427,0.1517604208822339
2001-08-01,0.41120960948377827,0.628505285463691,0.13074349138986371,0.11365564037319764,0.15292939043429343,0.163609644054297,0.1487272173152562,0.1485228652367463
2001-09-01,0.3422461993740916,0.3336572273411591,0.1211948094344242,0.04749787955894827,0.11263602893901081,0.04590971850046961,0.06981535010579334,0.0696074463779846
2001-10-01,0.372515898684894,0.25432662030342423,0.0883049049212438,0.07039864291772688,0.07428672709268924,0.05302903745439093,0.04758294221421974,0.04734925131525697
2001-11-01,0.32865866167336655,0.2493830697583903,0.06765690035093447,0.060220525869380814,0.031177688774788825,0.04387398708249725,0.014976783924625509,0.014973694860380415
2001-12-01,0.3552008450200125,0.2869718928473932,0.06561658369378928,0.05682782018659879,0.035470102762838185,0.046929610045601186,0.019174898378893912,0.01902063941723997
2002-01-01,0.3779631351290008,0.291819491481903,0.06830980168122092,0.05852417302798982,0.045725388521468374,0.04912829930362532,0.02694085621618797,0.026709834075273192
2002-02-01,0.2909033770247089,0.35773034539984927,0.07647106830980166,0.05852417302798982,0.03281324045490383,0.059446587252400276,0.022970519894455588,0.02306758397409958
2002-03-01,0.359561253038973,0.4566743338099395,0.10756549416469435,0.11874469889737066,0.09879793034255924,0.13417949753600555,0.09982522125235918,0.09955483609874544
2002-04-01,0.3258783014050204,0.42343713257851157,0.12103158410185261,0.15267175572519087,0.10639853641786945,0.15986326796077582,0.1162556687704934,0.11614730878186968
2002-05-01,0.33570776973204663,0.49250223662552006,0.12805027340243205,0.1586089906700594,0.12011241121860372,0.18185849551394934,0.13509692946140103,0.13516794819910966
2002-06-01,0.30077212830686095,0.48788167913140557,0.11564514812698931,0.13825275657336727,0.08975828459225232,0.16023593973849226,0.10540321893744323,0.10522055847834882
2002-07-01,0.3225916274928309,0.5914273049405774,0.1274789847384314,0.11535199321458867,0.11433594756977511,0.15802953287916338,0.12069740831988032,0.12059894779441527
2002-08-01,0.312613756890885,0.5998616130191876,0.13906798335101608,0.12383375742154368,0.12680226323442395,0.16904156324077046,0.13383851478922296,0.13395386483205185
2002-09-01,0.2770277643197283,0.4548188130613524,0.14943279196931364,0.1628498727735369,0.12654184757450004,0.17712448166716094,0.13725312446250468,0.13719142047753952
2002-10-01,0.3065990999838504,0.5323452538941611,0.14274055333387742,0.21204410517387617,0.12951800384303902,0.2470532229833377,0.17025665834972945,0.1703763658437879
2002-11-01,0.26270258001719715,0.491642723736881,0.12241899942871134,0.20441051738761667,0.08506283011337779,0.22798798007534754,0.1323612543650727,0.13233508700930796
2002-12-01,0.29033595656178113,0.5265867878273514,0.1478005386435975,0.263782866836302,0.12984503325509145,0.2992253230849583,0.19362611514682734,0.19344394981788748
2003-01-01,0.27797928478833034,0.48287055681839686,0.17628335917734433,0.32230703986429177,0.16295544009879498,0.34403703748269704,0.23543569258432043,0.23553217320922704
2003-02-01,0.1992082302155761,0.40859566946053416,0.19978780706765686,0.5156912637828668,0.15496302631763959,0.49967150403478583,0.2992111929333052,0.2990692027519224
2003-03-01,0.27326533017323784,0.553891187830595,0.18085366848934953,0.364715860899067,0.16687421882430237,0.4150600677287681,0.26954897843970915,0.2695265074868475
2003-04-01,0.2765650984038026,0.5082099698089342,0.1372725046927283,0.3078880407124682,0.11006691168558363,0.3385453517983017,0.19798007115155883,0.19789558883043307
2003-05-01,0.2714670437830359,0.4789351770515464,0.13678282869501346,0.35453774385072095,0.10740448127061003,0.3748735848379802,0.2123389603216508,0.21205989477944154
2003-06-01,0.2314595363738341,0.5384118472229356,0.15759405859789438,0.3553859202714165,0.11791217402763438,0.3990808412535602,0.23003899931906788,0.22986645082962365
2003-07-01,0.2407914206026005,0.5411349894723185,0.15841018526075246,0.2883799830364716,0.12296141906001118,0.3297292621598809,0.20260537249748925,0.2023472278429786
2003-08-01,0.21593403955357104,0.5378591101609018,0.16502081122990286,0.2849872773536896,0.12041837900601654,0.32506060124910885,0.19884971885239097,0.19870497774180496
2003-09-01,0.1926523414823641,0.4627679558459039,0.1384150820207296,0.25360474978795594,0.07833123257496882,0.2687508217847869,0.1459938586807957,0.14609469850263052
2003-10-01,0.21773669071656476,0.49099673763504215,0.15498245327674853,0.2544529262086514,0.10878706975283514,0.2784086816786247,0.17044522336396553,0.1703763658437879
2003-11-01,0.18595241524702433,0.43065514883357614,0.16126662858075574,0.2408821034775233,0.10272084633662304,0.2464868606606691,0.15226239955720774,0.15216511533791988
2003-12-01,0.18346885952851721,0.42350200147576733,0.1695911205419081,0.3816793893129771,0.11145578888935948,0.37912606067033183,0.21690857269401123,0.21691622824767298
2004-01-01,0.16858061953585002,0.4187733291528932,0.18738268179221418,0.3825275657336726,0.12528390401046763,0.37797892764727803,0.22555536191902045,0.22541481181707812
2004-02-01,0.15784764324093103,0.34161447873786743,0.1904839631110748,0.3172179813401188,0.12364817691358854,0.28773933005028723,0.18442580444470189,0.18454067179279648
2004-03-01,0.2409616467414789,0.4339931941715296,0.2072145596996654,0.3189143341815098,0.18540299652967268,0.32285164738984556,0.24089700760839958,0.24079320113314445
2004-04-01,0.22663646243894775,0.41659616678874634,0.20729617236595121,0.34605597964376594,0.17813529479998913,0.3423600336333485,0.24474234887800786,0.24484014569000412
2004-05-01,0.25723351970913155,0.4729983215172835,0.23610544356484126,0.39864291772688726,0.2315014720598944,0.4165083094003416,0.3129826388669821,0.3128288142452449
2004-06-01,0.2554614219556801,0.4685791278917337,0.21774259365053455,0.3935538592027142,0.20657875758424238,0.4095660356674193,0.29339998451887983,0.2934034803723189
2004-07-01,0.35975766781460194,0.6034888655240731,0.24018607687913163,0.364715860899067,0.29537663967191125,0.4349063313416472,0.3634402989278298,0.36341562120598947
2004-08-01,0.3307712117045747,0.5603226687064331,0.27381049538888436,0.3206106870229008,0.3269747351971637,0.37060724869341893,0.35582737771486217,0.3557264265479563
2004-09-01,0.28306860986351357,0.4953199793500678,0.2822982126826083,0.2985581000848177,0.3084418782880195,0.3245048546178958,0.3230971017472407,0.3229461756373938
2004-10-01,0.2977822589445106,0.5313965462717953,0.3422019097363911,0.40033927056827817,0.4002998410360449,0.44322197607353003,0.4366023043024665,0.4366653176851477
2004-11-01,0.2548590833104183,0.46780475543074296,0.30294621725291765,0.3850720949957592,0.3171734102987933,0.40081917372431336,0.3627451721852937,0.3626062322946175
2004-12-01,0.2379674126063368,0.43288501717674355,0.259528278788868,0.4198473282442749,0.2504466934415195,0.41983347025015855,0.32700227725927156,0.3269931201942534
2005-01-01,0.24810241502878572,0.457578444065442,0.289643352648331,0.38337574215436815,0.2954243872593875,0.3948915078567448,0.34571414307740034,0.34560906515580736
2005-02-01,0.18067976971458755,0.37044059495590265,0.3003346119317718,0.3825275657336726,0.26375796843256755,0.3579539308445928,0.3083550412938263,0.30837717523269925
2005-03-01,0.32187580475498345,0.5275233325314816,0.34962866236839957,0.45207803223070403,0.428797721523265,0.4953778038275573,0.47861700759496373,0.47834884662080135
2005-04-01,0.31355218304111176,0.509669519997189,0.3397535297478168,0.46904156064461416,0.4086318463921481,0.5043962664263885,0.4692670014126734,0.46904087414002427
2005-05-01,0.3023827294670176,0.5722544914954173,0.31404553986778744,0.4105173876166243,0.364783206990122,0.4716778755106043,0.42571420426695916,0.42573856738162685
2005-06-01,0.26640827211739493,0.48062311981555617,0.367256998286134,0.4707379134860051,0.4100044251170757,0.49206384594737634,0.4647029333323448,0.46458923512747885
2005-07-01,0.2840768723784083,0.5131129772931831,0.388884354851873,0.5089058524173029,0.4531844259337109,0.5470672880221802,0.5177026674774714,0.5176042088223392
2005-08-01,0.2897903599628121,0.48298002308251586,0.4377703419570717,0.6700593723494488,0.5244731118357263,0.6934641560530537,0.6298722646511872,0.6297045730473493
2005-09-01,0.24004067968241916,0.3750314208721084,0.44266710193422015,0.8583545377438508,0.4854474402310237,0.7970555066656096,0.6500043583396377,0.6499392958316471
2005-10-01,0.27226143243113476,0.4554215532316874,0.4154900840610462,1.0,0.47885157064976946,1.0000000000000002,0.7356997720701076,0.73573452043707
2005-11-01,0.244571313840258,0.3869686494025304,0.3833346935444381,0.7353689567430026,0.4134189417668327,0.6923505097412739,0.5558469272123205,0.5556454876568192
2005-12-01,0.2220883691899418,0.31457901437116353,0.39223047416959106,0.9686174724342664,0.40613791447516545,0.8451336185301477,0.6188280753931931,0.6187778227438284
2006-01-01,0.24729493206231146,0.40190471299567276,0.441850975271362,0.5988125530110262,0.49105844064196646,0.5743411205036965,0.5548833644654774,0.5548360987454473
2006-02-01,0.17624952533095883,0.3140384402273655,0.41034848608504043,0.5012722646310432,0.3891448952586348,0.43792873478681077,0.42686736439949624,0.4269526507486848
2006-03-01,0.2333582125382463,0.4521078337302049,0.41899942871133594,0.4461407972858355,0.4493730872257322,0.4541397874998651,0.47393975825615986,0.4738972076082558
2006-04-01,0.20949163491294465,0.39227303318854956,0.47408797845425604,0.46904156064461416,0.49584589785192723,0.4476769689500692,0.5018422407639085,0.5018211250505867
2006-05-01,0.22771019654571878,0.45767574741132555,0.4855137517342692,0.39185750636132316,0.5279027895058027,0.40328277377357363,0.5033664844090603,0.5034399028733307
2006-06-01,0.23371175913437825,0.45188619833124766,0.486411491063413,0.3884648006785412,0.5349923380921834,0.3975163732176364,0.5055016001737362,0.5054633751517604
2006-07-01,0.22573731924384677,0.4789622057587364,0.5146494735983025,0.3850720949957592,0.5624178561723785,0.4054644638816602,0.5271877706547834,0.5269121813031161
2006-08-01,0.2283518181461064,0.4731767109847369,0.5034685383171469,0.46734520780322314,0.5510956410367424,0.4850739224326536,0.5550201818098004,0.5548360987454473
2006-09-01,0.2138214895223629,0.4179719279847125,0.42805843466906063,0.27735368956743006,0.4433774186323609,0.2774180391402578,0.39154436703753914,0.3913395386483205
2006-10-01,0.2574735822126779,0.5198282595945154,0.3879866155227291,0.35793044953350295,0.4300323957785057,0.3944137333470445,0.4346286941693688,0.4346418454067179
2006-11-01,0.21520512249734836,0.4786811072039614,0.38953725618215945,0.4902459711620018,0.397088826780013,0.5106559952445787,0.4644020850730657,0.4641845406717928
2006-12-01,0.21466825544396284,0.4816393992058967,0.41304170407247204,0.4325699745547074,0.42562116413159545,0.45424957933806537,0.4582618718943896,0.4581141238365035
2007-01-01,0.21120262584731153,0.47653367641772326,0.3522402676895454,0.4173027989821883,0.3480192453949149,0.4366702861028247,0.39907879847712946,0.3990287333063537
2007-02-01,0.13711933725289926,0.35731950905056253,0.3911695095078756,0.5402883799830365,0.3342827797265321,0.49524850778792656,0.41597944930862096,0.41602590044516385
2007-03-01,0.22427512035860975,0.5291004575960128,0.40063657879702924,0.46480067854113666,0.4184588230890183,0.5093677659029289,0.477979884669094,0.4779441521651153
2007-04-01,0.1949307528796589,0.5257543036459023,0.42952746266220515,0.5063613231552162,0.4282616265001139,0.5509326928183251,0.5029161863181757,0.5030352084176447
2007-05-01,0.25402104693440186,0.5391186479159515,0.4252836040153432,0.5097540288379983,0.4756836942486903,0.561346553907493,0.538936719963892,0.539053014973695
2007-06-01,0.18169239700227402,0.4737483681418033,0.4581735085285236,0.48515691263782873,0.450095344053716,0.5031139591103645,0.4961517267307004,0.49615540267098346
2007-07-01,0.2030143120899841,0.5142238571586883,0.512282706276014,0.3893129770992367,0.5358705196423059,0.42451152214028026,0.5180629630928093,0.5180089032780252
2007-08-01,0.21666732138258538,0.35792089778553793,0.4979188770097119,0.3893129770992367,0.5322840963974284,0.358909034845745,0.48657526373802606,0.48644273573452046
2007-09-01,0.36451963493040374,0.35059071239563533,0.5596180527217824,0.3774385072094996,0.774025929122013,0.3451528404915211,0.6405325068296673,0.64063132335087
2007-10-01,0.21725220093668018,0.5142954832327415,0.6076063004978371,0.433418150975403,0.6685866773088615,0.4699528990588407,0.626102874921407,0.6260623229461756
2007-11-01,0.15770360573880327,0.4313524894790757,0.6808128621562066,0.4639525021204411,0.6801349520894185,0.4616539799001033,0.6300663193239203,0.6301092675030353
2007-12-01,0.1913123562352962,0.35758439038102363,0.6556761609401778,0.46480067854113666,0.6947551778055032,0.4270796476744932,0.6244032645099049,0.6244435451234318
2008-01-01,0.1776331583059444,0.45825686461590864,0.6661225822247612,0.5394402035623411,0.6894063343867517,0.5489014991274108,0.6749237685138935,0.6750303520841765
2008-02-01,0.1246273575229041,0.376845047124551,0.6858728474659268,0.5860899067005938,0.6416962506478922,0.5479383364658863,0.6429065629650412,0.6426547956292998
2008-03-01,0.1586725852985723,0.40172902639893837,0.7679751897494491,0.6598812553011026,0.780500971391723,0.6316463519863903,0.7719597920171754,0.7717523269931202
2008-04-01,0.10422640949425377,0.37898977504007014,0.8261650208112299,0.7251908396946565,0.7608137707147218,0.6774210849618763,0.7792384158928125,0.7790368271954674
2008-05-01,0.14856377151287392,0.4322755198296111,0.9307924589896353,0.8176420695504665,0.947829274540349,0.8031809366365645,0.9588746966569103,0.9587211655200325
2008-06-01,0.09704199347902942,0.29797257667368515,0.9999999999999998,0.9380831212892282,0.9287087934752151,0.8043265102719035,0.9467230370890353,0.9465803318494537
2008-07-01,0.137512166804157,0.47176986677550237,0.9958377540194239,0.8023748939779476,0.9999999999999999,0.8180127346257834,0.9999999999999999,1.0
2008-08-01,0.1800992549332845,0.46096649251169675,0.8595446013221253,0.5623409669211197,0.9195966559831642,0.5729697411437823,0.8380182525459096,0.8381222177256173
2008-09-01,0.16110376374357827,0.01031685753438727,0.7570390924671508,0.512298558100085,0.7716139247795374,0.2903316844571299,0.6146069501035287,0.6147308781869689
2008-10-01,0.20644065873150974,0.5390267503115058,0.53260426018118,0.433418150975403,0.5641924986773683,0.4812007352886964,0.5619730234903438,0.5617159044921084
2008-11-01,0.2043848507465944,0.43995437554226346,0.37509181424957155,0.4283290924512299,0.37058352426281704,0.4312036117206846,0.41159304624533233,0.41157426143261844
2008-12-01,0.23424862618776376,0.46173140492517106,0.24296090753284905,0.3553859202714165,0.22721865526358276,0.36896671171853296,0.2890489018333764,0.2889518413597734
2009-01-01,0.1907449357723684,0.3487581660481598,0.24777605484371173,0.30619168787107726,0.20790721563137193,0.28042718687792206,0.23697036961581305,0.2367462565762849
2009-02-01,0.11511651760967578,0.18653997410649847,0.22639353627683018,0.24512298558100082,0.14102647124232698,0.17611578488436153,0.14639603595908016,0.14649939295831643
2009-03-01,0.16678233314564805,0.23664173718906856,0.29862074593976984,0.19762510602205258,0.2524155070240799,0.1529842798352442,0.2098835860145775,0.20963172804532576
2009-04-01,0.14104326799268463,0.3972882098076367,0.3125765118746429,0.1586089906700594,0.25057832324744495,0.15937148631932063,0.21150166417186336,0.21125050586806965
2009-05-01,0.16268381149419264,0.451521310784184,0.38912919285073044,0.18659881255301103,0.35317077734817404,0.19960077394692105,0.29728306663420334,0.2970457304734925
2009-06-01,0.1190448131222529,0.37808836765528664,0.4757202317799722,0.1840542832909245,0.40964141326490133,0.17827853344728656,0.3252109921813705,0.3249696479158235
2009-07-01,0.1526361045275788,0.39248250566927134,0.43091487798906397,0.1484308736217133,0.3919315292994541,0.14874333800044703,0.3003778107218441,0.30028328611898014
2009-08-01,0.14811419991532337,0.35029204518118706,0.48722761772627105,0.12807463952502124,0.45086172767157984,0.12081763494605015,0.32700377705097006,0.3269931201942534
2009-09-01,0.11934161767209206,0.2965846525594835,0.4738431404553986,0.11535199321458867,0.40792377937459523,0.0985422383120232,0.2886883561178577,0.2885471469040874
2009-10-01,0.1524484192975335,0.2749657411136368,0.5253407328817432,0.20186598812553014,0.498091286217782,0.16678395648480254,0.37867431048361555,0.37879401052205586
2009-11-01,0.13120070534728312,0.27819296875211164,0.5438668081286215,0.1721798134011875,0.4957477512556424,0.14266800541165903,0.3664204384522455,0.3662484823957912
2009-12-01,0.13685745088539414,0.2676179870640607,0.5151391495960174,0.3155216284987277,0.47034522303372095,0.25951247913469705,0.40145414841554183,0.4014569000404695
2010-01-01,0.12572728026642577,0.29245331466550617,0.546641638782339,0.356234096692112,0.4927675475661578,0.30321100865351214,0.43569292992810893,0.43545123431808985
2010-02-01,0.0832143932747581,0.20192201136827426,0.5308087815228923,0.3129770992366413,0.4301885986003924,0.23380819136244296,0.363458623420034,0.36341562120598947
2010-03-01,0.14305106347689067,0.30475272787227325,0.5700644740063658,0.22561492790500426,0.537767150143282,0.1953371051760825,0.4176157815415553,0.41764467826790774
2010-04-01,0.11458401532908202,0.2593796371125774,0.5952827878886804,0.20356234096692116,0.5321571184973949,0.16396912213525378,0.3999807932773848,0.39983812221772563
2010-05-01,0.11882220970987356,0.2949588758220105,0.5091814249571534,0.2128922815945717,0.4451727670387964,0.18162261577996686,0.3502210280581606,0.3500607041683529
2010-06-01,0.09105788998153697,0.24898845063341768,0.5222394515628825,0.268871925360475,0.42983196959583747,0.2146021995783826,0.354699261189902,0.3545123431808984
2010-07-01,0.10489858450418366,0.27709425180484204,0.5302374928588915,0.2544529262086514,0.4527875977634068,0.21158051564018232,0.36855766630890063,0.36867664912990694
2010-08-01,0.08041220914245306,0.28432307954278246,0.5325226475148943,0.2281594571670908,0.4289091539529979,0.1915774514889187,0.34387032886769464,0.3439902873330636
2010-09-01,0.0,0.1597896626006482,0.5214233249000244,0.1916878710771841,0.33306021411767495,0.128009825638157,0.2521968550986853,0.2521246458923513
2010-10-01,0.10341892652777962,0.28924770999278326,0.5756957479800866,0.15267175572519087,0.49857038118316466,0.1288051507615815,0.3621373016726308,0.3622015378389316
2010-11-01,0.10232336855704971,0.25124940198985346,0.5949563372235371,0.176420695504665,0.5173459800548511,0.13949273911007176,0.37931192632537536,0.3791987049777418
2010-12-01,0.1354738179104087,0.27020598577749433,0.6349465437035828,0.22222222222222227,0.6003221953661059,0.18250213051346553,0.453338789860976,0.45325779036827196
2011-01-01,0.12016655972973322,0.2800795725139671,0.6351097690361545,0.2425784563189144,0.5813875870043084,0.20249969850697613,0.4496763345508531,0.4496155402670984
2011-02-01,0.001501481840362806,0.1079864424004735,0.6302946217252918,0.20865139949109418,0.4290395307820375,0.1263945115315787,0.31502978169074936,0.3148522865236746
2011-03-01,0.10145914354428276,0.30204715428256357,0.746837509181425,0.19847328244274814,0.6740645920158582,0.17119154397480885,0.4971456535820066,0.4969647915823554
2011-04-01,0.06161749750116752,0.1910389024182585,0.8012731575940586,0.22137404580152675,0.6694914757552899,0.1591432813262788,0.48877092883738893,0.4888709024686362
2011-05-01,0.09964339806291378,0.24624233398292317,0.7308414265894068,0.22731128074639523,0.654886139071859,0.17978429463939638,0.4882605164566304,0.48806151355726424
2011-06-01,0.07551929884289876,0.19954753944164094,0.692973149432792,0.2468193384223919,0.5831574651410905,0.181404921607277,0.44148676933014686,0.44152165115337927
2011-07-01,0.09195703317663795,0.22830473245634186,0.7014608667265159,0.2366412213740458,0.6139913388920134,0.18205094037257485,0.46218916629877727,0.462161068393363
2011-08-01,0.09787130030946234,0.2001786597545253,0.6119317718109851,0.20610687022900764,0.5296191221337722,0.14985420933163235,0.3920364233600513,0.39214892755969244
2011-09-01,0.07080970900059791,0.1332001719025777,0.6053211458418346,0.19253604749787956,0.4903865369821735,0.12164649602457127,0.35354175303739477,0.35329825981384055
2011-10-01,0.09516077640578413,0.25517532170918744,0.6118501591446992,0.16454622561492793,0.5262584999927311,0.13069733552482327,0.38130985647523585,0.3812221772561716
2011-11-01,0.0734940442675256,0.13855050449081974,0.7003182893985147,0.1365564037319763,0.5877034767611797,0.08215107905366635,0.400449921321842,0.40024281667341166
2011-12-01,0.08847394448881962,0.20605064639153248,0.7117440626785276,0.13061916878710772,0.619696225777829,0.09225148862137812,0.4261152998012582,0.4261432618373129
2012-01-01,0.09108407861828749,0.10406457698721816,0.7256998286134007,0.0882103477523325,0.637544127897695,0.040612177498501253,0.41501625928389163,0.4148118170781061
2012-02-01,0.06609138961271366,0.15218919013884646,0.7414510732065616,0.07463952502120441,0.6178546578045098,0.03921938528307052,0.40136138553007195,0.4014569000404695
2012-03-01,0.09844308554518189,0.1972892909559243,0.7737696890557415,0.045801526717557245,0.6975517500922565,0.024438904828511368,0.44757110009207124,0.4475920679886686
2012-04-01,0.09127176384833291,0.14570770615470696,0.750591691830572,0.027141645462256142,0.663224329855321,0.003145217538667075,0.4153925398620736,0.415216511533792
2012-05-01,0.09857839350172626,0.017174040548466496,0.6799151228270628,0.0678541136556404,0.600742902831022,0.012049099793513832,0.37797373617063856,0.3779846216106839
2012-06-01,0.09816374008650974,0.1388289001748757,0.5790418672978046,0.07039864291772688,0.496000375844169,0.033856868881058946,0.31829952144139806,0.31808984216916225
2012-07-01,0.1084078618287525,0.21206047943520812,0.624744960417857,0.11195928753180662,0.5558168139358143,0.07881127819778226,0.37785500616851053,0.377579927154998
2012-08-01,0.09633926505955737,0.23339694089092022,0.6755896515139148,0.10262934690415607,0.5933205629725385,0.07553727620808558,0.401234031118638,0.4010522055847835
2012-09-01,0.06545849755790956,0.18961313811399083,0.6786909328327757,0.10347752332485158,0.5556452526733477,0.06780085190809944,0.3728552073210911,0.37272359368676644
2012-10-01,0.12719384392445454,0.0376942350470435,0.6377213743573003,0.1433418150975403,0.5929899537138419,0.06451452072430607,0.3961234520554169,0.39619587211655194
2012-11-01,0.10576717428974236,0.1369004019168759,0.6135640251367012,0.1620016963528414,0.5408716839787172,0.10034938537713535,0.3775177221979543,0.377579927154998
2012-12-01,0.10977403571257094,0.04189584757971443,0.6244185097527135,0.14503816793893132,0.5571547157614141,0.06656485293567209,0.37330614077974866,0.37312828814245247
2013-01-01,0.10096592421881478,0.17811377464004519,0.6807312494899209,0.1441899915182358,0.6047545876533901,0.09661876639491572,0.4181602605616528,0.41804937272359366
2013-02-01,0.05596511673584825,0.1247158607156661,0.6852199461356403,0.1441899915182358,0.5493524451955474,0.08462014790300039,0.376152681077377,0.3759611493322541
2013-03-01,0.11384636872727594,0.13345018744408432,0.6658777442259038,0.18490245971162006,0.6061042136753925,0.11616552451927668,0.4277283306293308,0.42776203966005666
2013-04-01,0.11547006420580774,0.09043805425742679,0.6583693789276095,0.21543681085665822,0.6002389714189279,0.12624968271361586,0.4283199855042258,0.4281667341157427
2013-05-01,0.16775567747820885,0.1241496093000376,0.6786909328327757,0.20441051738761667,0.6910297639739018,0.12780515098500256,0.48912461865135215,0.4888709024686362
2013-06-01,0.10550528792223723,0.06854885573968117,0.6889741287847873,0.18659881255301103,0.6193960461324207,0.10062497113479872,0.42963252744026936,0.42938081748280044
2013-07-01,0.17629753783166813,0.0994669938942151,0.7616094017791561,0.16878710771840544,0.7990979562690957,0.0961545868279368,0.5466327873461578,0.5467422096317281
2013-08-01,0.1847739265932512,0.06583922784389296,0.7771158083734595,0.15267175572519087,0.8298429982372663,0.07709729862113789,0.5585324373924683,0.5584783488466208
2013-09-01,0.12339212682283818,0.05456420263962358,0.774830653717457,0.16878710771840544,0.7357823174040375,0.08518615275199402,0.49984270317405166,0.49979765277215715
2013-10-01,0.1348496554011881,0.04903548058392815,0.7279033706031177,0.1738761662425785,0.7014102123441015,0.08719172415248409,0.4779742966702346,0.4779441521651153
2013-11-01,0.12245806544540327,0.044136527405757686,0.6733861095241982,0.17048346055979646,0.625380417152739,0.08375105826912553,0.4261065940486898,0.4261432618373129
2013-12-01,0.17132606162186226,0.2651908091584072,0.7041540847139476,0.22137404580152675,0.7252525441382422,0.18035866546669205,0.5351063745878046,0.5350060704168352
2014-01-01,0.19583862562034338,0.27247774861680596,0.6795886721619195,0.26123833757421544,0.7292736886304948,0.21581917584453353,0.5535055107692997,0.5536220153783893
2014-02-01,0.07907222389538515,0.033333153141952065,0.73018852525912,0.37065309584393563,0.6251676384516003,0.2106026163087908,0.482259868486722,0.48199109672197493
2014-03-01,0.18990689939635197,0.09358284433897246,0.7300252999265486,0.27735368956743006,0.7814501288871617,0.17016119085314785,0.5677904540573232,0.5677863213273979
2014-04-01,0.18359107316668632,0.0,0.7403901085448461,0.25699745547073793,0.7847603416288542,0.12658852945675875,0.5506455431676331,0.5503844597329017
2014-05-01,0.1770089957967238,0.011543960840808998,0.7412878478739902,0.2502120441051739,0.7764012615814755,0.1259461237289617,0.544825747170951,0.5447187373532983
2014-06-01,0.15539900570475806,0.01426710309019208,0.7707500204031665,0.2510602205258694,0.7788057278927639,0.1273235947321129,0.5470290848420387,0.5471469040874141
2014-07-01,0.19928679612582767,0.2620892650083655,0.752795233820289,0.20525869380831213,0.8221601125315042,0.1661121904956787,0.5929484606133554,0.5928773775799271
2014-08-01,0.1786239617296721,0.31433170170037594,0.6952583040887945,0.19338422391857507,0.7248131104753601,0.17005224983877099,0.530241637931822,0.5301497369486039
2014-09-01,0.15772106482997028,0.2557375188187374,0.6680812862156207,0.19423240033927058,0.6657065332974436,0.15529162649970413,0.4845555582800376,0.48441926345609065
2014-10-01,0.2051966984858603,0.3379047886760529,0.5961805272178242,0.18235793044953352,0.6402021790056505,0.1664662535799974,0.4726277035703067,0.47268312424119796
2014-11-01,0.21097565766214044,0.24979796041375546,0.525912021545744,0.21119592875318072,0.5608497305401391,0.167616862852156,0.4205975228402675,0.4204775394577095
2014-12-01,0.2615197265906323,0.31888468742651566,0.3912511221741614,0.15691263782866838,0.43765598572836095,0.139371799017594,0.32649396199685665,0.3265884257385674
2015-01-01,0.15891701257491042,0.2626920051787003,0.2927446339671917,0.11535199321458867,0.2404533868134836,0.09170407605117474,0.17476831708733684,0.17482800485633349
2015-02-01,0.20573356553924582,0.4424883168413172,0.320166489839223,0.1051738761662426,0.304795490625424,0.11808159800800351,0.22907628561782192,0.22905706191825176
2015-03-01,0.3022997987839743,0.619119566891996,0.29764139394434014,0.10178117048346058,0.34203564571939193,0.14851226409877888,0.26723823083486664,0.2670983407527317
2015-04-01,0.2372690489596564,0.5560845674190558,0.3517505916918306,0.08312128922815945,0.3672934685575735,0.11664206793341263,0.2698185767218787,0.2699312019425334
2015-05-01,0.24640888318558574,0.5433175575779035,0.39108789684158984,0.10347752332485158,0.4249000893803422,0.13582264352156548,0.3164729916632747,0.3164710643464185
2015-06-01,0.21947387028768217,0.48122180567981254,0.3955765934873092,0.09754028837998302,0.4081155490150026,0.1179240132161483,0.2974165707581711,0.2974504249291785
2015-07-01,0.23152937273850205,0.5033218281136396,0.32277809516036887,0.10262934690415607,0.32636136939506344,0.1272650739205176,0.24743091408447296,0.24726831242411978
2015-08-01,0.27770430410244995,0.5415552858691217,0.2572431241328654,0.09669211195928754,0.2713929341901303,0.12835022538555624,0.21151681344397413,0.21125050586806965
2015-09-01,0.29566097936771896,0.43090246150436373,0.2785440300334612,0.08736217133163701,0.3113927403148775,0.09868038456087795,0.22483458614840537,0.22460542290570623
2015-10-01,0.30070665671498464,0.49267927465761385,0.28458336733861095,0.060220525869380814,0.3229430711999439,0.08229014360861985,0.22520862675166795,0.2250101173613922
2015-11-01,0.26258036637902815,0.4528524746132867,0.2537337794825757,0.0390161153519932,0.2576989206010581,0.05520569466142568,0.16998967559744324,0.16997167138810199
2015-12-01,0.3071839795379452,0.4297294156123219,0.2108871296825267,0.025445292620865145,0.2245834816799392,0.038884973219727406,0.1408204935455112,0.1408336705787131
2016-01-01,0.2069164189658107,0.47593228768274787,0.16591855055904675,0.055131467345207796,0.11752665809938118,0.07456136942766305,0.08576855467846153,0.08579522460542294
2016-02-01,0.2401105160470871,0.3535571130097277,0.15481922794417693,0.030534351145038163,0.11808440272949589,0.03355383698769081,0.06793953359497182,0.06798866855524077
2016-03-01,0.27794000183320455,0.42699005613862484,0.21382518566881575,0.00848176420695504,0.21329484693605322,0.02224056939647169,0.12595961891385607,0.12585997571833263
2016-04-01,0.2431527626829385,0.4021641885846958,0.2399412388802742,0.024597116200169633,0.22847550537607914,0.03449744893973013,0.1414503833960902,0.14123836503439907
2016-05-01,0.24812860366553613,0.4027142227760103,0.2885823879866155,0.024597116200169633,0.2940726861854204,0.03456871022253287,0.18491517563016066,0.1849453662484824
2016-06-01,0.16484000925331832,0.33308421874873306,0.30531298457520606,0.08142493638676845,0.25878969015534925,0.07586570605890842,0.1798803910859423,0.17968433832456493
2016-07-01,0.2127739440523424,0.47688910391727046,0.27177017873173914,0.10093299406276504,0.2502759646446717,0.12050345935801769,0.19405262134511717,0.19384864427357346
2016-08-01,0.23477676369556577,0.49781472902369606,0.2723414673957398,0.10093299406276504,0.26475707997721815,0.12448535862376901,0.20540793563259865,0.2051800890327803
2016-09-01,0.19325468012762592,0.4603083434916224,0.27609565004488695,0.11535199321458867,0.24324523079331517,0.13157504191572628,0.19431078057921589,0.19425333872925943
2016-10-01,0.22827761700864657,0.4942618054635828,0.31363747653635843,0.11450381679389315,0.3125615574937872,0.13756569792775025,0.24286499939067416,0.24281667341157426
2016-11-01,0.20286590981506458,0.40817267019301195,0.2800130580266057,0.07803223070398643,0.25407600455718077,0.08578204221783255,0.1811600379684449,0.18089842169162285
2016-12-01,0.21026419969708476,0.3925852147565929,0.3315106504529503,0.1662425784563189,0.3219039181812694,0.16538126534911146,0.2613947449281878,0.26143261837312826
2017-01-01,0.006730479644882048,0.22383688715785044,0.33583612176609806,0.14164546225614927,0.17757214281060152,0.10486094572697423,0.13897217672316728,0.1388101983002833
2017-02-01,0.07415312495908022,0.18571559853720643,0.3437525503958214,0.10347752332485158,0.23498995529687128,0.06705130621314005,0.1602104716047242,0.160259004451639
2017-03-01,0.13777405317166214,0.3105314654694751,0.30996490655349707,0.10602205258693809,0.2454303259114205,0.093262356691984,0.1787551786368666,0.17887494941319304
2017-04-01,0.0648037816391468,0.24520578306219032,0.3240838978209418,0.12468193384223919,0.20879951609176978,0.09578496269568422,0.15562068934076792,0.15540267098340754
2017-05-01,0.09561034800333468,0.290654554202018,0.3030278299192034,0.1289228159457167,0.209169578230958,0.10890395931230983,0.1616876603982401,0.1614730878186969
2017-06-01,0.08446708306599093,0.27357646556407555,0.27609565004488695,0.11450381679389315,0.17441912977143037,0.09318925697313847,0.1317048458014823,0.13152569809793607
2017-07-01,0.10789281863932576,0.3016079377907275,0.28792948665632906,0.11450381679389315,0.2016605928815859,0.09882595659579259,0.1522434012514098,0.15216511533791988
2017-08-01,0.15030531585678308,0.31903739962213873,0.2994368726026279,0.10771840542832908,0.24227025708436106,0.09639844953271239,0.17805457032969038,0.17806556050182115
2017-09-01,0.12316079386487533,0.26068242079913073,0.3139639272015017,0.11450381679389315,0.23963794701130803,0.0905964621076605,0.1737368618540612,0.17361392148927557
2017-10-01,0.09032460815252263,0.28115261218940635,0.32832775646780377,0.10602205258693809,0.23137344227048506,0.08755296224413657,0.166914128924482,0.16673411574261432
2017-11-01,0.10104885490185811,0.25643891377031536,0.3696237656084224,0.11704834605597964,0.2819788548782032,0.09184105139135933,0.20232392318992856,0.2023472278429786
2017-12-01,0.10738214022269066,0.28752327847406733,0.37974373622786256,0.10093299406276504,0.29761512382952054,0.08446937973288134,0.20940560167181202,0.20922703358963984
2018-01-01,0.1315324280794563,0.2842946994002331,0.4272423080062026,0.18999151823579308,0.36897027251522996,0.15925493075089736,0.28983954903845566,0.2897612302711453
2018-02-01,0.12509875298441342,0.21629182354578802,0.41524524606218877,0.0882103477523325,0.3502850841771723,0.06083176491378463,0.23378950972274767,0.23350870093079723
2018-03-01,0.19871937566289988,0.3460498895877311,0.4193258793764792,0.0899067005937235,0.41935851611304287,0.08572934950383136,0.290573416218044,0.2905706191825172
2018-04-01,0.1544693091001148,0.28348924392597374,0.4480535379090835,0.09923664122137404,0.41293674553085524,0.08226664883371547,0.28478476052670954,0.2849048968029138
2018-05-01,0.15126120109817687,0.34575933098543965,0.4784950624336897,0.09923664122137404,0.444177250620996,0.09403187349276569,0.31069087499899484,0.3108053419668151
2018-06-01,0.11055969481508643,0.2968981855628863,0.4612747898473843,0.11365564037319764,0.38613879834339704,0.09715229859061127,0.27364726973706344,0.27357345204370703
2018-07-01,0.153495964767554,0.3259175570373294,0.48665632906227047,0.10178117048346058,0.4555718688731818,0.09252153809669227,0.31756521678883987,0.31768514771347633
2018-08-01,0.17583050714295068,0.22711682077534556,0.46282543050681463,0.11280746395250213,0.44998034400150344,0.08248791044777413,0.30941023823778346,0.3091865641440713
2018-09-01,0.18750190958809643,0.28807196123002243,0.48053537909083494,0.11620016963528418,0.4821113513774087,0.09754536551817779,0.33736699693636585,0.33711048158640233
2018-10-01,0.2563038231044883,0.3611494768593724,0.4847792377376969,0.13994910941475824,0.5553093155124488,0.1338974836356508,0.40196512696159625,0.40186159449615544
2018-11-01,0.1973008245055804,0.3252080534735944,0.37223537092956827,0.20865139949109418,0.3614620951831471,0.1863444937602583,0.2968900398659283,0.29664103601780656
2018-12-01,0.23810272056288107,0.33002051478875716,0.31151554721292746,0.20441051738761667,0.31670918358498457,0.1839279160900219,0.266185839221739,0.2662889518413598
2019-01-01,0.2920120293138141,0.3134735402470965,0.3266955031420877,0.1255301102629347,0.3748204729369813,0.11080313578643473,0.27221115241141025,0.2719546742209632
2019-02-01,0.22559764651451064,0.18998478283785214,0.35583122500612097,0.0899067005937235,0.36350148375842006,0.057401029867978834,0.24101785374943538,0.24079320113314445
2019-03-01,0.3418970175507514,0.36346043132410943,0.38194727821757934,0.11195928753180662,0.4908883523913511,0.10894900373112694,0.3482391241498146,0.3480372318899231
2019-04-01,0.3427306891539761,0.3430740289261225,0.4285481106667755,0.08651399491094147,0.5592567782405198,0.08215815283758705,0.38161794873651267,0.3816268717118576
2019-05-01,0.4392620042163705,0.3620076383126518,0.4038194727821758,0.08566581849024599,0.6055642790420964,0.08477326883353138,0.4134395803956763,0.4131930392553622
2019-06-01,0.4531681703308934,0.466219521754055,0.3534644576838325,0.06530958439355386,0.53472530732551,0.08315730543803317,0.36581858895979036,0.3658437879401052
2019-07-01,0.5015953244553856,0.4043859483157062,0.37541826491471475,0.06276505513146735,0.6096651947661957,0.07074613040788309,0.40992991565662784,0.40995548360987455
2019-08-01,0.5774026983025399,0.4681453171413359,0.35468864767811964,0.050042408821034806,0.6320874349518959,0.06831042424834403,0.4236951993322924,0.42371509510319716
2019-09-01,0.5664689424592003,0.5040448460309694,0.37215375826328245,0.07888040712468194,0.6557691118833517,0.10314505932008898,0.4548342052110267,0.45487656819101574
2019-10-01,0.654606799443055,0.5698894796163005,0.347751571043826,0.05937234944868533,0.6775542487726502,0.09357072698048842,0.4650096723007344,0.46499392958316466
2019-11-01,0.600732408874456,0.5354697724453141,0.3728066595935689,0.08651399491094147,0.6843310280463565,0.11656176584955406,0.479699668209735,0.4795629299878592
2019-12-01,0.6198763023390818,0.6047308346194493,0.3960662694850241,0.050042408821034806,0.7444655590744206,0.08877111762626137,0.5071829811958537,0.5070821529745043
2020-01-01,0.7007380830790854,0.6882062939047562,0.3768056802415735,0.0330788804071247,0.7724610893452557,0.0814629294623871,0.5224761394209114,0.5224605422905707
2020-02-01,0.5782232755873894,0.25728220943464053,0.3198400391740798,0.02374893977947412,0.5680172662415226,0.015026974968074605,0.3576269772073467,0.3577498988263861
2020-03-01,0.6585743779107579,0.5120710206310122,0.1457602219864523,0.013570822731128085,0.2776867471054805,0.03740343360486638,0.17532371998150828,0.17523269931201946
2020-04-01,0.5272339998341385,0.6903712933506678,0.04243858646861992,0.009329940627650551,0.0411764223207613,0.05397903286491228,0.02608155489273431,0.025900445163901248
2020-05-01,0.23884909671027077,0.404142689950997,0.1404553986778748,0.010178117048346064,0.09924502366706783,0.021171365634566466,0.04997052399399418,0.04977741804937269
2020-06-01,0.4565028567437922,0.2988253323855268,0.2200277483065372,0.0,0.31740713755104766,0.0,0.1850244738607493,0.1849453662484824
2020-07-01,0.49865783236653616,0.8313138384277943,0.239614788215131,0.01187446988973706,0.37371303267802525,0.07378899648517202,0.2550517672772816,0.25495750708215303
2020-08-01,0.5060954052036822,0.838145344170043,0.2529176528197176,0.05682782018659879,0.40100475605271957,0.13247150108380412,0.29916425787075285,0.2990692027519224
2020-09-01,0.37102751116290644,0.6562934993256337,0.2308006202562638,0.024597116200169633,0.2877238578054475,0.06742191248607625,0.19529108061290942,0.19506272764063137
2020-10-01,0.45247417145700486,0.8376101757676828,0.22892352893169016,0.06446140797285838,0.3298424447882077,0.1422115926898075,0.2563687648815931,0.25617159044921084
2020-11-01,0.4493053464101926,0.7497384972579377,0.24149187953970452,0.08312128922815945,0.3486484298773975,0.15074797012061764,0.27260884488354176,0.27235936867664917
2020-12-01,0.41810595049474697,0.7263802885044206,0.2911123806414756,0.08142493638676845,0.40925526656974764,0.14460136348210983,0.31001006912230755,0.30999595305544314
2021-01-01,0.4164517016066729,0.887253802263384,0.3317554884518077,0.09160305343511452,0.47234280924403926,0.1862164579977164,0.3702494952863016,0.37029542695265083
2021-02-01,0.2127259315516331,0.37112712411852633,0.3892108055170162,0.3155216284987277,0.39463640507044784,0.2968800778274906,0.3679088546394722,0.367867260218535
2021-03-01,0.5568795366357205,0.7850569089429884,0.4160613727250469,0.08396946564885499,0.7280326853139596,0.15802416986211582,0.5270355620320261,0.5269121813031161
2021-04-01,0.5077889370468821,0.813166764420491,0.41108300008161264,0.08736217133163701,0.6765442222713028,0.1672936519346036,0.49705765919237677,0.4969647915823554
2021-05-01,0.5373690022565875,0.5040826862210355,0.43923936995021623,0.10856658184902462,0.7524110644570091,0.13347570482375481,0.5322828475537295,0.5321732092270336
2021-06-01,0.37057357479256414,0.45535803576979106,0.48992083571370276,0.13825275657336727,0.6762334522207717,0.15308143607334063,0.4905447979585317,0.49048968029138007
2021-07-01,0.46019108975282297,0.5746154490684556,0.49897984167142734,0.18744698897370654,0.7807948745397452,0.23232734936840171,0.594944682959393,0.5949008498583569
2021-08-01,0.3957714081193503,0.6028550423404699,0.460132212519383,0.20695504664970316,0.6554397501006668,0.26110488939224186,0.5247155105385842,0.5244840145690005
2021-09-01,0.38233227269354497,0.536233333423429,0.4921243777034196,0.2994062765055132,0.6913373086785662,0.3396108385635251,0.5833233361384349,0.5831647106434642
2021-10-01,0.37557123963912054,0.4335499233736151,0.5723496286623684,0.3290924512298558,0.8056047092445592,0.3325161342255104,0.6558335156913035,0.6556050182112505
