Date,Oil,Gas,Water,Well Count,Mbbl/month,Ten's of Thousand bbl /month (1E-4),MMcf/month,Ten's of Thousand mcf /month (1E-4)
1941-01-01,4684,0,16736,1,4.684,0.4684,0.0,0.0
1941-02-01,5458,0,19502,1,5.458,0.5458,0.0,0.0
1941-03-01,9496,0,33930,1,9.496,0.9496,0.0,0.0
1941-04-01,6336,0,22639,1,6.336,0.6336,0.0,0.0
1941-05-01,11153,0,39851,1,11.153,1.1153,0.0,0.0
1941-06-01,9772,0,34916,1,9.772,0.9772,0.0,0.0
1941-07-01,11630,0,41555,1,11.63,1.163,0.0,0.0
1941-08-01,12745,0,45539,1,12.745,1.2745,0.0,0.0
1941-09-01,18509,0,66135,1,18.509,1.8509,0.0,0.0
1941-10-01,16783,0,59967,1,16.783,1.6783,0.0,0.0
1941-11-01,18129,0,64777,1,18.129,1.8129,0.0,0.0
1941-12-01,21658,0,77386,1,21.658,2.1658,0.0,0.0
1943-01-01,1896,0,85276,1,1.896,0.1896,0.0,0.0
1943-02-01,1810,0,81408,1,1.81,0.181,0.0,0.0
1943-03-01,2095,0,94227,1,2.095,0.2095,0.0,0.0
1943-04-01,1915,0,86131,1,1.915,0.1915,0.0,0.0
1943-05-01,2119,0,95306,1,2.119,0.2119,0.0,0.0
1943-06-01,1980,0,89054,1,1.98,0.198,0.0,0.0
1943-07-01,2294,0,103177,1,2.294,0.2294,0.0,0.0
1943-08-01,3290,0,147974,1,3.29,0.329,0.0,0.0
1943-09-01,3072,0,138169,1,3.072,0.3072,0.0,0.0
1943-10-01,3444,0,154901,1,3.444,0.3444,0.0,0.0
1943-11-01,3253,0,146310,1,3.253,0.3253,0.0,0.0
1943-12-01,2881,0,129579,1,2.881,0.2881,0.0,0.0
1946-01-01,62268,0,2800629,1,62.268,6.2268,0.0,0.0
1946-02-01,55961,0,2516959,1,55.961,5.5961,0.0,0.0
1946-03-01,53029,0,2385086,1,53.029,5.3029,0.0,0.0
1946-04-01,62386,0,2805936,1,62.386,6.2386,0.0,0.0
1946-05-01,62391,0,2806161,1,62.391,6.2391,0.0,0.0
1946-06-01,83766,0,3767544,1,83.766,8.3766,0.0,0.0
1946-07-01,90333,0,4062908,1,90.333,9.0333,0.0,0.0
1946-08-01,77095,0,3467503,1,77.095,7.7095,0.0,0.0
1946-09-01,71280,0,3205961,1,71.28,7.128,0.0,0.0
1946-10-01,72404,0,3256516,1,72.404,7.2404,0.0,0.0
1946-11-01,34782,0,1564390,1,34.782,3.4782,0.0,0.0
1946-12-01,43480,0,1955600,1,43.48,4.348,0.0,0.0
1947-01-01,40805,0,1835287,1,40.805,4.0805,0.0,0.0
1947-02-01,36356,0,1635184,1,36.356,3.6356,0.0,0.0
1947-03-01,43792,0,1969633,1,43.792,4.3792,0.0,0.0
1947-04-01,40756,0,1833083,1,40.756,4.0756,0.0,0.0
1947-05-01,46025,0,2070067,1,46.025,4.6025,0.0,0.0
1947-06-01,46239,0,2079692,1,46.239,4.6239,0.0,0.0
1947-07-01,58119,0,2614019,1,58.119,5.8119,0.0,0.0
1947-08-01,62215,0,2798245,1,62.215,6.2215,0.0,0.0
1947-09-01,62788,0,2824017,1,62.788,6.2788,0.0,0.0
1947-10-01,63957,0,2876595,1,63.957,6.3957,0.0,0.0
1947-11-01,59461,0,2674378,1,59.461,5.9461,0.0,0.0
1947-12-01,64413,0,2897104,1,64.413,6.4413,0.0,0.0
1948-01-01,108813,0,3678196,3,108.813,10.8813,0.0,0.0
1948-02-01,106368,0,3502191,3,106.368,10.6368,0.0,0.0
1948-03-01,100394,0,3416613,3,100.394,10.0394,0.0,0.0
1948-04-01,112360,0,3656223,3,112.36,11.236,0.0,0.0
1948-05-01,116875,0,3817685,3,116.875,11.6875,0.0,0.0
1948-06-01,111962,0,3702646,3,111.962,11.1962,0.0,0.0
1948-07-01,129085,0,4413404,3,129.085,12.9085,0.0,0.0
1948-08-01,133277,0,4562830,3,133.277,13.3277,0.0,0.0
1948-09-01,127512,0,4393032,3,127.512,12.7512,0.0,0.0
1948-10-01,131475,0,4511059,3,131.475,13.1475,0.0,0.0
1948-11-01,128017,0,4372535,3,128.017,12.8017,0.0,0.0
1948-12-01,131979,0,4532927,3,131.979,13.1979,0.0,0.0
1949-01-01,38791,0,563334,2,38.791,3.8791,0.0,0.0
1949-02-01,35533,0,480474,2,35.533,3.5533,0.0,0.0
1949-03-01,35052,0,478332,2,35.052,3.5052,0.0,0.0
1949-04-01,27871,0,291329,2,27.871,2.7871,0.0,0.0
1949-05-01,32183,0,412980,2,32.183,3.2183,0.0,0.0
1949-06-01,31491,0,402044,2,31.491,3.1491,0.0,0.0
1949-07-01,28530,0,368630,2,28.53,2.853,0.0,0.0
1949-08-01,29357,0,372964,2,29.357,2.9357,0.0,0.0
1949-09-01,29603,0,272723,2,29.603,2.9603,0.0,0.0
1949-10-01,25327,0,280161,2,25.327,2.5327,0.0,0.0
1949-11-01,40883,0,375963,2,40.883,4.0883,0.0,0.0
1949-12-01,40236,0,449037,2,40.236,4.0236,0.0,0.0
1950-01-01,88513,0,2668306,3,88.513,8.8513,0.0,0.0
1950-02-01,80717,0,2362461,3,80.717,8.0717,0.0,0.0
1950-03-01,67138,0,2461773,3,67.138,6.7138,0.0,0.0
1950-04-01,78611,0,2571272,3,78.611,7.8611,0.0,0.0
1950-05-01,83916,0,2756264,3,83.916,8.3916,0.0,0.0
1950-06-01,89166,0,2917329,3,89.166,8.9166,0.0,0.0
1950-07-01,100570,0,3293895,3,100.57,10.057,0.0,0.0
1950-08-01,122513,0,3395321,3,122.513,12.2513,0.0,0.0
1950-09-01,122777,0,3525622,3,122.777,12.2777,0.0,0.0
1950-10-01,119207,0,3439046,3,119.207,11.9207,0.0,0.0
1950-11-01,116716,0,3337758,3,116.716,11.6716,0.0,0.0
1950-12-01,124710,0,3638060,3,124.71,12.471,0.0,0.0
1951-01-01,123301,0,3283915,3,123.301,12.3301,0.0,0.0
1951-02-01,111434,0,2961971,3,111.434,11.1434,0.0,0.0
1951-03-01,129003,0,3439162,3,129.003,12.9003,0.0,0.0
1951-04-01,129184,0,3432129,3,129.184,12.9184,0.0,0.0
1951-05-01,127386,0,3537007,3,127.386,12.7386,0.0,0.0
1951-06-01,124487,0,3389462,3,124.487,12.4487,0.0,0.0
1951-07-01,126180,0,3311880,3,126.18,12.618,0.0,0.0
1951-08-01,125998,0,3303931,3,125.998,12.5998,0.0,0.0
1951-09-01,125375,0,3298575,3,125.375,12.5375,0.0,0.0
1951-10-01,132499,0,3446813,3,132.499,13.2499,0.0,0.0
1951-11-01,121290,0,3193456,3,121.29,12.129,0.0,0.0
1951-12-01,120260,0,3195966,3,120.26,12.026,0.0,0.0
1952-01-01,119327,0,3309411,4,119.327,11.9327,0.0,0.0
1952-02-01,117335,0,3280713,4,117.335,11.7335,0.0,0.0
1952-03-01,129289,0,3633869,4,129.289,12.9289,0.0,0.0
1952-04-01,66164,0,949204,4,66.164,6.6164,0.0,0.0
1952-05-01,73914,0,1643126,4,73.914,7.3914,0.0,0.0
1952-06-01,102081,0,2916655,4,102.081,10.2081,0.0,0.0
1952-07-01,97314,0,2767096,4,97.314,9.7314,0.0,0.0
1952-08-01,106289,0,3045304,4,106.289,10.6289,0.0,0.0
1952-09-01,115634,0,3339887,4,115.634,11.5634,0.0,0.0
1952-10-01,123124,0,3546080,4,123.124,12.3124,0.0,0.0
1952-11-01,121837,0,3542741,4,121.837,12.1837,0.0,0.0
1952-12-01,124395,0,3579700,4,124.395,12.4395,0.0,0.0
1953-01-01,55533,0,641972,3,55.533,5.5533,0.0,0.0
1953-02-01,51139,0,585055,3,51.139,5.1139,0.0,0.0
1953-03-01,54582,0,630385,3,54.582,5.4582,0.0,0.0
1953-04-01,52496,0,587191,3,52.496,5.2496,0.0,0.0
1953-05-01,54657,0,601787,3,54.657,5.4657,0.0,0.0
1953-06-01,52050,0,597022,3,52.05,5.205,0.0,0.0
1953-07-01,54034,0,575967,3,54.034,5.4034,0.0,0.0
1953-08-01,56173,0,646486,3,56.173,5.6173,0.0,0.0
1953-09-01,32274,0,440320,3,32.274,3.2274,0.0,0.0
1953-10-01,55250,0,598914,3,55.25,5.525,0.0,0.0
1953-11-01,54179,0,562270,3,54.179,5.4179,0.0,0.0
1953-12-01,56326,0,565321,3,56.326,5.6326,0.0,0.0
1954-01-01,105836,0,2698874,3,105.836,10.5836,0.0,0.0
1954-02-01,95544,0,2372014,3,95.544,9.5544,0.0,0.0
1954-03-01,113188,0,2825851,3,113.188,11.3188,0.0,0.0
1954-04-01,116855,0,2907876,3,116.855,11.6855,0.0,0.0
1954-05-01,124821,0,2852585,3,124.821,12.4821,0.0,0.0
1954-06-01,127240,0,2896771,3,127.24,12.724,0.0,0.0
1954-07-01,128713,0,2837701,3,128.713,12.8713,0.0,0.0
1954-08-01,127766,0,2781314,3,127.766,12.7766,0.0,0.0
1954-09-01,135847,0,2916543,3,135.847,13.5847,0.0,0.0
1954-10-01,141541,0,2971015,3,141.541,14.1541,0.0,0.0
1954-11-01,142996,0,3053441,3,142.996,14.2996,0.0,0.0
1954-12-01,156053,0,3112483,3,156.053,15.6053,0.0,0.0
1955-01-01,252980,0,2979812,242,252.98,25.298,0.0,0.0
1955-02-01,296245,0,5478958,385,296.245,29.6245,0.0,0.0
1955-03-01,334882,0,6151183,392,334.882,33.4882,0.0,0.0
1955-04-01,334946,0,6003923,398,334.946,33.4946,0.0,0.0
1955-05-01,324830,0,5823779,407,324.83,32.483,0.0,0.0
1955-06-01,322975,0,5582566,419,322.975,32.2975,0.0,0.0
1955-07-01,330718,0,5531900,426,330.718,33.0718,0.0,0.0
1955-08-01,326695,0,5610275,436,326.695,32.6695,0.0,0.0
1955-09-01,332797,0,5752937,448,332.797,33.2797,0.0,0.0
1955-10-01,375760,0,6259151,454,375.76,37.576,0.0,0.0
1955-11-01,398274,0,6410708,460,398.274,39.8274,0.0,0.0
1955-12-01,429128,0,6655841,469,429.128,42.9128,0.0,0.0
1956-01-01,459700,0,7112302,472,459.7,45.97,0.0,0.0
1956-02-01,428606,0,6675734,478,428.606,42.8606,0.0,0.0
1956-03-01,465071,0,7159621,487,465.071,46.5071,0.0,0.0
1956-04-01,448913,0,6822185,500,448.913,44.8913,0.0,0.0
1956-05-01,464791,0,6668985,512,464.791,46.4791,0.0,0.0
1956-06-01,464478,0,6722801,524,464.478,46.4478,0.0,0.0
1956-07-01,507846,0,7372178,536,507.846,50.7846,0.0,0.0
1956-08-01,484454,0,7147308,550,484.454,48.4454,0.0,0.0
1956-09-01,476241,0,6825809,555,476.241,47.6241,0.0,0.0
1956-10-01,511059,0,7079572,570,511.059,51.1059,0.0,0.0
1956-11-01,531323,0,7176108,576,531.323,53.1323,0.0,0.0
1956-12-01,571980,0,7696040,582,571.98,57.198,0.0,0.0
1957-01-01,578229,0,7810627,588,578.229,57.8229,0.0,0.0
1957-02-01,534475,0,7264253,599,534.475,53.4475,0.0,0.0
1957-03-01,640645,0,8656943,608,640.645,64.0645,0.0,0.0
1957-04-01,587383,0,7636259,614,587.383,58.7383,0.0,0.0
1957-05-01,663811,0,7949665,671,663.811,66.3811,0.0,0.0
1957-06-01,708969,0,11063640,678,708.969,70.8969,0.0,0.0
1957-07-01,678869,0,11115398,704,678.869,67.8869,0.0,0.0
1957-08-01,540031,0,9594736,712,540.031,54.0031,0.0,0.0
1957-09-01,466942,0,8320057,727,466.942,46.6942,0.0,0.0
1957-10-01,489532,0,8711245,741,489.532,48.9532,0.0,0.0
1957-11-01,530584,0,8955273,753,530.584,53.0584,0.0,0.0
1957-12-01,610049,0,10616579,769,610.049,61.0049,0.0,0.0
1958-01-01,630022,0,11109709,784,630.022,63.0022,0.0,0.0
1958-02-01,582030,0,10547357,800,582.03,58.203,0.0,0.0
1958-03-01,491307,0,9263057,814,491.307,49.1307,0.0,0.0
1958-04-01,454582,0,8954779,834,454.582,45.4582,0.0,0.0
1958-05-01,458186,0,9110188,849,458.186,45.8186,0.0,0.0
1958-06-01,468844,0,9628189,871,468.844,46.8844,0.0,0.0
1958-07-01,554279,0,11928915,902,554.279,55.4279,0.0,0.0
1958-08-01,668116,0,15744031,926,668.116,66.8116,0.0,0.0
1958-09-01,743600,0,18053954,954,743.6,74.36,0.0,0.0
1958-10-01,707724,0,17680049,970,707.724,70.7724,0.0,0.0
1958-11-01,721533,0,18290195,985,721.533,72.1533,0.0,0.0
1958-12-01,801025,0,20450183,1004,801.025,80.1025,0.0,0.0
1959-01-01,856243,0,22600200,1027,856.243,85.6243,0.0,0.0
1959-02-01,324565,0,8234107,1042,324.565,32.4565,0.0,0.0
1959-03-01,783230,0,19383523,1064,783.23,78.323,0.0,0.0
1959-04-01,817875,0,22132282,1090,817.875,81.7875,0.0,0.0
1959-05-01,899441,0,24448666,1112,899.441,89.9441,0.0,0.0
1959-06-01,757492,0,20669247,1132,757.492,75.7492,0.0,0.0
1959-07-01,693950,0,19252195,1146,693.95,69.395,0.0,0.0
1959-08-01,699644,0,19363951,1154,699.644,69.9644,0.0,0.0
1959-09-01,695619,0,19022637,1167,695.619,69.5619,0.0,0.0
1959-10-01,719269,0,19701076,1176,719.269,71.9269,0.0,0.0
1959-11-01,729668,0,19823019,1183,729.668,72.9668,0.0,0.0
1959-12-01,803536,0,21770978,1194,803.536,80.3536,0.0,0.0
1960-01-01,820549,0,22283993,1200,820.549,82.0549,0.0,0.0
1960-02-01,822719,0,22357823,1202,822.719,82.2719,0.0,0.0
1960-03-01,824752,0,22487548,1209,824.752,82.4752,0.0,0.0
1960-04-01,743423,0,20085383,1213,743.423,74.3423,0.0,0.0
1960-05-01,668801,0,17909526,1217,668.801,66.8801,0.0,0.0
1960-06-01,670591,0,18012014,1203,670.591,67.0591,0.0,0.0
1960-07-01,676920,0,18161258,1205,676.92,67.692,0.0,0.0
1960-08-01,664491,23751,17790399,1204,664.491,66.4491,23.751,2.3751
1960-09-01,665684,31606,17970585,1210,665.684,66.5684,31.606,3.1606
1960-10-01,671304,55171,17997303,1218,671.304,67.1304,55.171,5.5171
1960-11-01,678714,86896,18209534,1126,678.714,67.8714,86.896,8.6896
1960-12-01,770430,4959,20436481,1230,770.43,77.043,4.959,0.4959
1961-01-01,794124,24347,20991671,1238,794.124,79.4124,24.347,2.4347
1961-02-01,694800,0,18088705,1241,694.8,69.48,0.0,0.0
1961-03-01,872777,265,22610925,1245,872.777,87.2777,0.265,0.0265
1961-04-01,787535,24138,20227446,1247,787.535,78.7535,24.138,2.4138
1961-05-01,710784,19818,18366368,1245,710.784,71.0784,19.818,1.9818
1961-06-01,708252,13105,18288335,1256,708.252,70.8252,13.105,1.3105
1961-07-01,718351,0,18344545,1269,718.351,71.8351,0.0,0.0
1961-08-01,740334,6488,18450512,1285,740.334,74.0334,6.488,0.6488
1961-09-01,773947,0,18637115,1302,773.947,77.3947,0.0,0.0
1961-10-01,810889,0,18980246,1324,810.889,81.0889,0.0,0.0
1961-11-01,822083,20584,19099791,1340,822.083,82.2083,20.584,2.0584
1961-12-01,948556,0,21583011,1358,948.556,94.8556,0.0,0.0
1962-01-01,994248,0,21910988,1380,994.248,99.4248,0.0,0.0
1962-02-01,900028,12,19345804,1396,900.028,90.0028,0.012,0.0012
1962-03-01,928475,30368,19736415,1408,928.475,92.8475,30.368,3.0368
1962-04-01,932105,6602,19657251,1389,932.105,93.2105,6.602,0.6602
1962-05-01,924283,0,19664624,1401,924.283,92.4283,0.0,0.0
1962-06-01,937853,6285,19957217,1409,937.853,93.7853,6.285,0.6285
1962-07-01,944157,27088,19945679,1383,944.157,94.4157,27.088,2.7088
1962-08-01,919131,3694,19595287,1373,919.131,91.9131,3.694,0.3694
1962-09-01,930852,0,19635746,1368,930.852,93.0852,0.0,0.0
1962-10-01,944407,16657,19702942,1388,944.407,94.4407,16.657,1.6657
1962-11-01,947056,14932,19725989,1390,947.056,94.7056,14.932,1.4932
1962-12-01,954767,16271,19894873,1396,954.767,95.4767,16.271,1.6271
1963-01-01,955686,9476,20006351,1402,955.686,95.5686,9.476,0.9476
1963-02-01,955792,13246,19914784,1403,955.792,95.5792,13.246,1.3246
1963-03-01,1022263,6618,21234049,1408,1022.263,102.2263,6.618,0.6618
1963-04-01,994222,13516,20661745,1515,994.222,99.4222,13.516,1.3516
1963-05-01,1056994,0,21458887,1516,1056.994,105.6994,0.0,0.0
1963-06-01,1016087,183364,20518801,1488,1016.087,101.6087,183.364,18.3364
1963-07-01,1093105,448062,22533775,1518,1093.105,109.3105,448.062,44.8062
1963-08-01,1049368,495835,21800581,1505,1049.368,104.9368,495.835,49.5835
1963-09-01,1011639,453960,20921470,1504,1011.639,101.1639,453.96,45.396
1963-10-01,1058696,464841,21876999,1508,1058.696,105.8696,464.841,46.4841
1963-11-01,1004726,467056,20827359,1501,1004.726,100.4726,467.056,46.7056
1963-12-01,1058794,530593,21809404,1506,1058.794,105.8794,530.593,53.0593
1964-01-01,1083234,491758,22409821,1502,1083.234,108.3234,491.758,49.1758
1964-02-01,1045254,358564,21532157,1503,1045.254,104.5254,358.564,35.8564
1964-03-01,1123490,485247,22930836,1511,1123.49,112.349,485.247,48.5247
1964-04-01,1089082,540747,22186912,1515,1089.082,108.9082,540.747,54.0747
1964-05-01,1116553,565906,22881949,1525,1116.553,111.6553,565.906,56.5906
1964-06-01,1066876,513611,21923942,1532,1066.876,106.6876,513.611,51.3611
1964-07-01,1075873,739830,22135731,1535,1075.873,107.5873,739.83,73.983
1964-08-01,998858,589043,21473370,1541,998.858,99.8858,589.043,58.9043
1964-09-01,1020783,423345,22105144,1550,1020.783,102.0783,423.345,42.3345
1964-10-01,1069945,558065,22891437,1558,1069.945,106.9945,558.065,55.8065
1964-11-01,1047090,694742,22557201,1568,1047.09,104.709,694.742,69.4742
1964-12-01,1112972,576801,23899166,1581,1112.972,111.2972,576.801,57.6801
1965-01-01,1137878,690194,24623679,1607,1137.878,113.7878,690.194,69.0194
1965-02-01,1025685,742719,22224306,1606,1025.685,102.5685,742.719,74.2719
1965-03-01,1133261,765956,24630145,1579,1133.261,113.3261,765.956,76.5956
1965-04-01,1070218,684189,23239695,1610,1070.218,107.0218,684.189,68.4189
1965-05-01,1094141,515688,23456890,1610,1094.141,109.4141,515.688,51.5688
1965-06-01,1082679,634444,23069273,1613,1082.679,108.2679,634.444,63.4444
1965-07-01,1099503,819141,23805113,1615,1099.503,109.9503,819.141,81.9141
1965-08-01,1077696,819950,23634918,1617,1077.696,107.7696,819.95,81.995
1965-09-01,1053309,832790,22997397,1617,1053.309,105.3309,832.79,83.279
1965-10-01,1120646,603430,24133097,1606,1120.646,112.0646,603.43,60.343
1965-11-01,1121231,755717,24062255,1610,1121.231,112.1231,755.717,75.5717
1965-12-01,1194563,864775,25833309,1609,1194.563,119.4563,864.775,86.4775
1966-01-01,1221861,929491,26385867,1616,1221.861,122.1861,929.491,92.9491
1966-02-01,1123613,999391,24574091,1616,1123.613,112.3613,999.391,99.9391
1966-03-01,1253877,1057077,27694005,1665,1253.877,125.3877,1057.077,105.7077
1966-04-01,1198021,827759,26852358,1626,1198.021,119.8021,827.759,82.7759
1966-05-01,1232709,663071,28488067,1633,1232.709,123.2709,663.071,66.3071
1966-06-01,1271137,868227,29817633,1650,1271.137,127.1137,868.227,86.8227
1966-07-01,1235672,1107162,28419859,1655,1235.672,123.5672,1107.162,110.7162
1966-08-01,1227077,972180,29300341,1648,1227.077,122.7077,972.18,97.218
1966-09-01,1195318,1040781,27987197,1648,1195.318,119.5318,1040.781,104.0781
1966-10-01,1268805,1009263,29262914,1628,1268.805,126.8805,1009.263,100.9263
1966-11-01,1277561,739664,29677996,1638,1277.561,127.7561,739.664,73.9664
1966-12-01,1368654,1102376,32497890,1630,1368.654,136.8654,1102.376,110.2376
1967-01-01,1360533,4020348,32329413,1631,1360.533,136.0533,4020.348,402.0348
1967-02-01,1212222,3715063,28494512,1634,1212.222,121.2222,3715.063,371.5063
1967-03-01,1333048,4309433,31308675,1612,1333.048,133.3048,4309.433,430.9433
1967-04-01,1282858,4345837,30002486,1635,1282.858,128.2858,4345.837,434.5837
1967-05-01,1293090,4664502,30139952,1639,1293.09,129.309,4664.502,466.4502
1967-06-01,1308636,4685710,30847646,1637,1308.636,130.8636,4685.71,468.571
1967-07-01,1616279,5175899,40086317,1632,1616.279,161.6279,5175.899,517.5899
1967-08-01,1647819,5578594,41776352,1632,1647.819,164.7819,5578.594,557.8594
1967-09-01,1511458,4836637,37039826,1629,1511.458,151.1458,4836.637,483.6637
1967-10-01,1529251,4625812,36660136,1610,1529.251,152.9251,4625.812,462.5812
1967-11-01,1460404,4647517,35068396,1593,1460.404,146.0404,4647.517,464.7517
1967-12-01,1485270,4830641,35652509,1593,1485.27,148.527,4830.641,483.0641
1968-01-01,1572884,4900030,37776260,1452,1572.884,157.2884,4900.03,490.003
1968-02-01,1512771,4847502,36297283,1453,1512.771,151.2771,4847.502,484.7502
1968-03-01,1607333,5627906,38692778,1459,1607.333,160.7333,5627.906,562.7906
1968-04-01,1499155,5344972,37246072,1465,1499.155,149.9155,5344.972,534.4972
1968-05-01,1572740,5801230,40062467,1423,1572.74,157.274,5801.23,580.123
1968-06-01,1492232,5776834,37614599,1472,1492.232,149.2232,5776.834,577.6834
1968-07-01,1580897,5840193,40572905,1342,1580.897,158.0897,5840.193,584.0193
1968-08-01,1568702,5628797,40976174,1373,1568.702,156.8702,5628.797,562.8797
1968-09-01,1478425,5178115,38111357,1370,1478.425,147.8425,5178.115,517.8115
1968-10-01,1522951,5400809,39831119,1468,1522.951,152.2951,5400.809,540.0809
1968-11-01,1498869,4960581,38680071,1473,1498.869,149.8869,4960.581,496.0581
1968-12-01,1511625,5193463,40271494,1476,1511.625,151.1625,5193.463,519.3463
1969-01-01,1569541,5419615,41577437,1596,1569.541,156.9541,5419.615,541.9615
1969-02-01,1382990,5028911,35815563,1597,1382.99,138.299,5028.911,502.8911
1969-03-01,1645852,5400303,46379600,1592,1645.852,164.5852,5400.303,540.0303
1969-04-01,1638619,5650748,47810046,1591,1638.619,163.8619,5650.748,565.0748
1969-05-01,1694622,5882445,50833311,1601,1694.622,169.4622,5882.445,588.2445
1969-06-01,1694004,5633986,54132734,1606,1694.004,169.4004,5633.986,563.3986
1969-07-01,1643019,5942037,51228266,1602,1643.019,164.3019,5942.037,594.2037
1969-08-01,1600487,5736392,49521144,1612,1600.487,160.0487,5736.392,573.6392
1969-09-01,1522870,5455706,47375617,1622,1522.87,152.287,5455.706,545.5706
1969-10-01,1690359,5470508,56594092,1625,1690.359,169.0359,5470.508,547.0508
1969-11-01,1635161,5091035,54140635,1633,1635.161,163.5161,5091.035,509.1035
1969-12-01,1710599,5413595,57710796,1527,1710.599,171.0599,5413.595,541.3595
1970-01-01,1697581,5257491,57391309,1528,1697.581,169.7581,5257.491,525.7491
1970-02-01,1520262,4702481,52289990,1529,1520.262,152.0262,4702.481,470.2481
1970-03-01,1649352,5126784,57212919,1526,1649.352,164.9352,5126.784,512.6784
1970-04-01,1585584,5350652,55050822,1523,1585.584,158.5584,5350.652,535.0652
1970-05-01,1606359,5779743,56235019,1523,1606.359,160.6359,5779.743,577.9743
1970-06-01,1550715,5480684,54967400,1524,1550.715,155.0715,5480.684,548.0684
1970-07-01,1575942,5518352,55674164,1522,1575.942,157.5942,5518.352,551.8352
1970-08-01,1577438,5543866,56420601,1529,1577.438,157.7438,5543.866,554.3866
1970-09-01,1520807,5141441,53687664,1168,1520.807,152.0807,5141.441,514.1441
1970-10-01,1578421,5059077,55612513,1530,1578.421,157.8421,5059.077,505.9077
1970-11-01,1523386,4818720,53013111,1527,1523.386,152.3386,4818.72,481.872
1970-12-01,1549338,4854461,55108725,1527,1549.338,154.9338,4854.461,485.4461
1971-01-01,1551404,4631120,55699011,1528,1551.404,155.1404,4631.12,463.112
1971-02-01,1415314,4460685,50585898,1533,1415.314,141.5314,4460.685,446.0685
1971-03-01,1577434,4930562,56239272,1538,1577.434,157.7434,4930.562,493.0562
1971-04-01,1522967,4668363,55714727,1523,1522.967,152.2967,4668.363,466.8363
1971-05-01,1598431,4815309,59485439,1536,1598.431,159.8431,4815.309,481.5309
1971-06-01,1566361,4581298,58179254,1550,1566.361,156.6361,4581.298,458.1298
1971-07-01,1594623,4932742,58385326,1557,1594.623,159.4623,4932.742,493.2742
1971-08-01,1628513,4861512,58962593,1611,1628.513,162.8513,4861.512,486.1512
1971-09-01,1578691,4624435,55931187,1635,1578.691,157.8691,4624.435,462.4435
1971-10-01,1679515,4819154,59272014,1637,1679.515,167.9515,4819.154,481.9154
1971-11-01,1589325,3121743,56960709,1623,1589.325,158.9325,3121.743,312.1743
1971-12-01,1610431,4430667,57006846,1628,1610.431,161.0431,4430.667,443.0667
1972-01-01,1376832,4296399,46550293,1350,1376.832,137.6832,4296.399,429.6399
1972-02-01,1282874,4016615,43551813,1340,1282.874,128.2874,4016.615,401.6615
1972-03-01,1377887,4515452,47034383,1337,1377.887,137.7887,4515.452,451.5452
1972-04-01,1337489,4509812,45531545,1349,1337.489,133.7489,4509.812,450.9812
1972-05-01,1365984,4618016,46366725,1353,1365.984,136.5984,4618.016,461.8016
1972-06-01,1291060,4400034,44107591,1354,1291.06,129.106,4400.034,440.0034
1972-07-01,1310278,3664280,44414253,1353,1310.278,131.0278,3664.28,366.428
1972-08-01,1284993,4577495,43981918,1357,1284.993,128.4993,4577.495,457.7495
1972-09-01,1221236,4413130,41149895,1359,1221.236,122.1236,4413.13,441.313
1972-10-01,1256830,4258584,41626996,1281,1256.83,125.683,4258.584,425.8584
1972-11-01,1198882,4180804,39964084,1295,1198.882,119.8882,4180.804,418.0804
1972-12-01,1176048,3999001,38983461,1298,1176.048,117.6048,3999.001,399.9001
1973-01-01,1339029,4272999,45975634,1581,1339.029,133.9029,4272.999,427.2999
1973-02-01,1218037,3925998,40846419,1568,1218.037,121.8037,3925.998,392.5998
1973-03-01,1355578,4389190,45164157,1562,1355.578,135.5578,4389.19,438.919
1973-04-01,1311018,4439259,43148669,1214,1311.018,131.1018,4439.259,443.9259
1973-05-01,1306662,4592277,42763594,1572,1306.662,130.6662,4592.277,459.2277
1973-06-01,1241533,4431960,40394124,1571,1241.533,124.1533,4431.96,443.196
1973-07-01,1239087,4693794,40070121,1569,1239.087,123.9087,4693.794,469.3794
1973-08-01,1238895,4668991,40771656,1569,1238.895,123.8895,4668.991,466.8991
1973-09-01,1201242,4304005,39216320,1598,1201.242,120.1242,4304.005,430.4005
1973-10-01,1214157,4336816,39211297,1601,1214.157,121.4157,4336.816,433.6816
1973-11-01,1164388,4091951,37588881,1601,1164.388,116.4388,4091.951,409.1951
1973-12-01,1164408,4104670,37243885,1601,1164.408,116.4408,4104.67,410.467
1974-01-01,1122187,4002429,34625806,1611,1122.187,112.2187,4002.429,400.2429
1974-02-01,1006307,3714342,30717896,1612,1006.307,100.6307,3714.342,371.4342
1974-03-01,1107306,4012028,34194710,1612,1107.306,110.7306,4012.028,401.2028
1974-04-01,1041105,3998044,31750593,1612,1041.105,104.1105,3998.044,399.8044
1974-05-01,1044250,3931370,31804504,1617,1044.25,104.425,3931.37,393.137
1974-06-01,985267,3732782,30640918,1614,985.267,98.5267,3732.782,373.2782
1974-07-01,994312,3823732,30816090,1610,994.312,99.4312,3823.732,382.3732
1974-08-01,971452,3797805,29663999,1602,971.452,97.1452,3797.805,379.7805
1974-09-01,939834,3567146,28477530,1596,939.834,93.9834,3567.146,356.7146
1974-10-01,961994,3600590,28768479,1594,961.994,96.1994,3600.59,360.059
1974-11-01,905373,3471025,27202530,1590,905.373,90.5373,3471.025,347.1025
1974-12-01,929962,3466610,27508761,1593,929.962,92.9962,3466.61,346.661
1975-01-01,891282,3315411,26169843,1505,891.282,89.1282,3315.411,331.5411
1975-02-01,794687,3026163,23333622,1559,794.687,79.4687,3026.163,302.6163
1975-03-01,888006,3427817,26087308,1485,888.006,88.8006,3427.817,342.7817
1975-04-01,858799,3344375,24895346,1477,858.799,85.8799,3344.375,334.4375
1975-05-01,882778,3384760,25390820,1477,882.778,88.2778,3384.76,338.476
1975-06-01,833536,3258794,23750514,1477,833.536,83.3536,3258.794,325.8794
1975-07-01,832024,3188649,23871938,1026,832.024,83.2024,3188.649,318.8649
1975-08-01,807450,2371204,22983631,1502,807.45,80.745,2371.204,237.1204
1975-09-01,804570,2844217,22615776,1535,804.57,80.457,2844.217,284.4217
1975-10-01,846674,2844577,24262911,1514,846.674,84.6674,2844.577,284.4577
1975-11-01,811612,2721255,23035958,1514,811.612,81.1612,2721.255,272.1255
1975-12-01,816475,2842103,23083059,1514,816.475,81.6475,2842.103,284.2103
1976-01-01,806632,2840602,22784106,1515,806.632,80.6632,2840.602,284.0602
1976-02-01,771572,2697397,21336286,1514,771.572,77.1572,2697.397,269.7397
1976-03-01,819086,2584667,22550026,1513,819.086,81.9086,2584.667,258.4667
1976-04-01,770497,2233883,21464570,1512,770.497,77.0497,2233.883,223.3883
1976-05-01,784393,2318809,21625459,1313,784.393,78.4393,2318.809,231.8809
1976-06-01,750176,2325117,20880568,1492,750.176,75.0176,2325.117,232.5117
1976-07-01,776573,2402394,21750729,1493,776.573,77.6573,2402.394,240.2394
1976-08-01,762052,2386620,21430335,1407,762.052,76.2052,2386.62,238.662
1976-09-01,740112,1886056,20651285,1422,740.112,74.0112,1886.056,188.6056
1976-10-01,750072,2059855,20761400,1380,750.072,75.0072,2059.855,205.9855
1976-11-01,716863,2651616,19969527,1367,716.863,71.6863,2651.616,265.1616
1976-12-01,735454,2638640,20304526,1357,735.454,73.5454,2638.64,263.864
1977-01-01,712685,2594642,19423263,1371,712.685,71.2685,2594.642,259.4642
1977-02-01,658078,2449037,17300361,1361,658.078,65.8078,2449.037,244.9037
1977-03-01,736428,2841325,19716351,1343,736.428,73.6428,2841.325,284.1325
1977-04-01,696571,2628266,18931368,1328,696.571,69.6571,2628.266,262.8266
1977-05-01,707319,2650639,19380000,1326,707.319,70.7319,2650.639,265.0639
1977-06-01,665398,2579083,18017302,1395,665.398,66.5398,2579.083,257.9083
1977-07-01,674295,2519026,18547984,1418,674.295,67.4295,2519.026,251.9026
1977-08-01,661853,2246568,18328784,1410,661.853,66.1853,2246.568,224.6568
1977-09-01,644577,2157862,17867264,1392,644.577,64.4577,2157.862,215.7862
1977-10-01,675469,2134549,18468010,1420,675.469,67.5469,2134.549,213.4549
1977-11-01,661483,1954949,17860603,1238,661.483,66.1483,1954.949,195.4949
1977-12-01,675988,2321388,18192340,1424,675.988,67.5988,2321.388,232.1388
1978-01-01,655224,2312965,17638041,1453,655.224,65.5224,2312.965,231.2965
1978-02-01,581902,2104626,15653985,1458,581.902,58.1902,2104.626,210.4626
1978-03-01,668604,2447241,17677660,1467,668.604,66.8604,2447.241,244.7241
1978-04-01,627861,2367153,16687327,1465,627.861,62.7861,2367.153,236.7153
1978-05-01,642036,2471808,16951352,1457,642.036,64.2036,2471.808,247.1808
1978-06-01,605966,2362034,16072805,1472,605.966,60.5966,2362.034,236.2034
1978-07-01,627209,2224890,16767811,1465,627.209,62.7209,2224.89,222.489
1978-08-01,618586,2140809,16594020,1464,618.586,61.8586,2140.809,214.0809
1978-09-01,589822,2021999,15642934,1467,589.822,58.9822,2021.999,202.1999
1978-10-01,599034,1885088,15981888,1464,599.034,59.9034,1885.088,188.5088
1978-11-01,580779,1791213,15472576,1454,580.779,58.0779,1791.213,179.1213
1978-12-01,587902,1981292,15557127,1461,587.902,58.7902,1981.292,198.1292
1979-01-01,567514,2058798,15283674,1470,567.514,56.7514,2058.798,205.8798
1979-02-01,530960,1854034,14042175,1467,530.96,53.096,1854.034,185.4034
1979-03-01,590082,2084343,15669050,1471,590.082,59.0082,2084.343,208.4343
1979-04-01,562040,1962732,15031061,1475,562.04,56.204,1962.732,196.2732
1979-05-01,575180,2294649,15317501,1487,575.18,57.518,2294.649,229.4649
1979-06-01,539666,2099851,14419936,1460,539.666,53.9666,2099.851,209.9851
1979-07-01,557775,2243202,14774288,1487,557.775,55.7775,2243.202,224.3202
1979-08-01,554818,2152736,14696366,1491,554.818,55.4818,2152.736,215.2736
1979-09-01,528864,1851429,13823364,1502,528.864,52.8864,1851.429,185.1429
1979-10-01,547810,2118079,14399960,1494,547.81,54.781,2118.079,211.8079
1979-11-01,534329,2069966,14018294,1564,534.329,53.4329,2069.966,206.9966
1979-12-01,548322,2191486,14233609,1459,548.322,54.8322,2191.486,219.1486
1980-01-01,544220,2246376,14258800,1439,544.22,54.422,2246.376,224.6376
1980-02-01,498102,1991056,13243422,1436,498.102,49.8102,1991.056,199.1056
1980-03-01,527444,2224760,13816490,1453,527.444,52.7444,2224.76,222.476
1980-04-01,508979,2154783,13401406,1502,508.979,50.8979,2154.783,215.4783
1980-05-01,515433,2201313,13598588,1485,515.433,51.5433,2201.313,220.1313
1980-06-01,482204,2206777,12874976,1520,482.204,48.2204,2206.777,220.6777
1980-07-01,507664,2358871,13934965,1529,507.664,50.7664,2358.871,235.8871
1980-08-01,509859,2312942,13900523,1526,509.859,50.9859,2312.942,231.2942
1980-09-01,476615,2115905,12662319,1532,476.615,47.6615,2115.905,211.5905
1980-10-01,487164,1956807,13184628,1205,487.164,48.7164,1956.807,195.6807
1980-11-01,463323,2049227,12399666,1513,463.323,46.3323,2049.227,204.9227
1980-12-01,471718,2113465,12503730,1444,471.718,47.1718,2113.465,211.3465
1981-01-01,472035,2099963,12486956,1520,472.035,47.2035,2099.963,209.9963
1981-02-01,428501,1913337,11141976,1500,428.501,42.8501,1913.337,191.3337
1981-03-01,477781,2092289,12314980,1516,477.781,47.7781,2092.289,209.2289
1981-04-01,451538,1986251,11718395,1488,451.538,45.1538,1986.251,198.6251
1981-05-01,455572,2194054,11719728,1223,455.572,45.5572,2194.054,219.4054
1981-06-01,437621,2132876,11147326,1177,437.621,43.7621,2132.876,213.2876
1981-07-01,443605,2174260,11377622,1231,443.605,44.3605,2174.26,217.426
1981-08-01,453966,2192763,11433784,1303,453.966,45.3966,2192.763,219.2763
1981-09-01,447521,2109521,11186174,1163,447.521,44.7521,2109.521,210.9521
1981-10-01,487314,2203674,11415793,920,487.314,48.7314,2203.674,220.3674
1981-11-01,468662,2060458,11126014,784,468.662,46.8662,2060.458,206.0458
1981-12-01,474510,2043744,11443696,1049,474.51,47.451,2043.744,204.3744
1982-01-01,455955,1923752,10932253,1076,455.955,45.5955,1923.752,192.3752
1982-02-01,409522,1772258,9924922,1068,409.522,40.9522,1772.258,177.2258
1982-03-01,445750,1978861,10880577,1245,445.75,44.575,1978.861,197.8861
1982-04-01,433964,1880560,11061998,1262,433.964,43.3964,1880.56,188.056
1982-05-01,435072,1976159,10773007,1273,435.072,43.5072,1976.159,197.6159
1982-06-01,418334,1628714,10506212,1269,418.334,41.8334,1628.714,162.8714
1982-07-01,426971,2059085,10761236,1589,426.971,42.6971,2059.085,205.9085
1982-08-01,425078,2023107,10663096,1276,425.078,42.5078,2023.107,202.3107
1982-09-01,403377,1943920,10355802,1284,403.377,40.3377,1943.92,194.392
1982-10-01,433530,2068365,10694023,1235,433.53,43.353,2068.365,206.8365
1982-11-01,417666,1909362,10412398,1238,417.666,41.7666,1909.362,190.9362
1982-12-01,427734,1706152,10680297,1182,427.734,42.7734,1706.152,170.6152
1983-01-01,423706,1701518,10427726,1282,423.706,42.3706,1701.518,170.1518
1983-02-01,388515,1500744,9393557,1265,388.515,38.8515,1500.744,150.0744
1983-03-01,436056,1706776,10496561,1301,436.056,43.6056,1706.776,170.6776
1983-04-01,405592,1567850,9927916,1148,405.592,40.5592,1567.85,156.785
1983-05-01,411721,1391387,10081133,1293,411.721,41.1721,1391.387,139.1387
1983-06-01,401017,1302564,9962078,1287,401.017,40.1017,1302.564,130.2564
1983-07-01,406917,1534677,10094904,1288,406.917,40.6917,1534.677,153.4677
1983-08-01,418516,1659878,10425961,1313,418.516,41.8516,1659.878,165.9878
1983-09-01,400989,1587146,10108182,1292,400.989,40.0989,1587.146,158.7146
1983-10-01,418974,1594086,10231948,1296,418.974,41.8974,1594.086,159.4086
1983-11-01,414065,1512170,9940854,1290,414.065,41.4065,1512.17,151.217
1983-12-01,379209,1396097,8384816,1289,379.209,37.9209,1396.097,139.6097
1984-01-01,406161,1410300,9389130,1287,406.161,40.6161,1410.3,141.03
1984-02-01,386814,1438237,8965943,1273,386.814,38.6814,1438.237,143.8237
1984-03-01,410777,1555016,9618044,1276,410.777,41.0777,1555.016,155.5016
1984-04-01,394405,1339217,9255734,1273,394.405,39.4405,1339.217,133.9217
1984-05-01,411460,1422836,9562781,1278,411.46,41.146,1422.836,142.2836
1984-06-01,401492,1501839,9304483,1278,401.492,40.1492,1501.839,150.1839
1984-07-01,411325,1544141,9494488,1273,411.325,41.1325,1544.141,154.4141
1984-08-01,398889,1512908,9254915,1275,398.889,39.8889,1512.908,151.2908
1984-09-01,387297,1368259,9121031,1311,387.297,38.7297,1368.259,136.8259
1984-10-01,396755,1398177,9236255,1269,396.755,39.6755,1398.177,139.8177
1984-11-01,380927,1311521,8752623,1270,380.927,38.0927,1311.521,131.1521
1984-12-01,388860,1320070,9005203,1305,388.86,38.886,1320.07,132.007
1985-01-01,372271,1331771,8070282,1303,372.271,37.2271,1331.771,133.1771
1985-02-01,340619,1184761,7749255,1307,340.619,34.0619,1184.761,118.4761
1985-03-01,383301,1136526,9225467,1274,383.301,38.3301,1136.526,113.6526
1985-04-01,369042,1103708,8613688,1333,369.042,36.9042,1103.708,110.3708
1985-05-01,375107,976302,8854200,1226,375.107,37.5107,976.302,97.6302
1985-06-01,365185,609579,8628589,1216,365.185,36.5185,609.579,60.9579
1985-07-01,376123,1360845,8898097,1268,376.123,37.6123,1360.845,136.0845
1985-08-01,376624,1494011,8808332,960,376.624,37.6624,1494.011,149.4011
1985-09-01,364660,1289170,8601610,1249,364.66,36.466,1289.17,128.917
1985-10-01,380490,1351686,8811800,1273,380.49,38.049,1351.686,135.1686
1985-11-01,367163,1175164,8439255,1283,367.163,36.7163,1175.164,117.5164
1985-12-01,367594,1308023,8305190,1281,367.594,36.7594,1308.023,130.8023
1986-01-01,367758,1433364,8430079,1284,367.758,36.7758,1433.364,143.3364
1986-02-01,325826,1422608,7590347,1276,325.826,32.5826,1422.608,142.2608
1986-03-01,354075,1525978,8314568,1282,354.075,35.4075,1525.978,152.5978
1986-04-01,339228,1515778,7850713,1271,339.228,33.9228,1515.778,151.5778
1986-05-01,344272,1520420,8092808,1248,344.272,34.4272,1520.42,152.042
1986-06-01,328952,1455682,7609429,1229,328.952,32.8952,1455.682,145.5682
1986-07-01,334426,1507705,7639210,1220,334.426,33.4426,1507.705,150.7705
1986-08-01,335468,1453498,7771973,1211,335.468,33.5468,1453.498,145.3498
1986-09-01,330043,1301130,7644831,1203,330.043,33.0043,1301.13,130.113
1986-10-01,339217,1352788,7646357,1191,339.217,33.9217,1352.788,135.2788
1986-11-01,322849,1290551,7221611,1192,322.849,32.2849,1290.551,129.0551
1986-12-01,333764,1204187,7379756,1189,333.764,33.3764,1204.187,120.4187
1987-01-01,325865,1232594,7429976,1179,325.865,32.5865,1232.594,123.2594
1987-02-01,296771,1129793,6613489,1182,296.771,29.6771,1129.793,112.9793
1987-03-01,331344,1222201,7548438,1183,331.344,33.1344,1222.201,122.2201
1987-04-01,309633,1187961,7187199,1182,309.633,30.9633,1187.961,118.7961
1987-05-01,311234,1284226,7301910,1179,311.234,31.1234,1284.226,128.4226
1987-06-01,300453,1213674,7041768,1171,300.453,30.0453,1213.674,121.3674
1987-07-01,307001,1234548,7275973,1169,307.001,30.7001,1234.548,123.4548
1987-08-01,296317,1199334,6899964,1097,296.317,29.6317,1199.334,119.9334
1987-09-01,297129,1139316,7002268,1161,297.129,29.7129,1139.316,113.9316
1987-10-01,312431,1178347,7354834,1160,312.431,31.2431,1178.347,117.8347
1987-11-01,300331,1095545,6976822,1173,300.331,30.0331,1095.545,109.5545
1987-12-01,302239,1132323,6994634,1181,302.239,30.2239,1132.323,113.2323
1988-01-01,302798,1175434,7121912,1196,302.798,30.2798,1175.434,117.5434
1988-02-01,277980,1101796,6615434,1168,277.98,27.798,1101.796,110.1796
1988-03-01,288654,1216657,6942100,1186,288.654,28.8654,1216.657,121.6657
1988-04-01,284006,1194035,6823268,1190,284.006,28.4006,1194.035,119.4035
1988-05-01,283883,907473,6987225,1190,283.883,28.3883,907.473,90.7473
1988-06-01,276966,1116645,6734772,1195,276.966,27.6966,1116.645,111.6645
1988-07-01,286703,1156736,7009820,1195,286.703,28.6703,1156.736,115.6736
1988-08-01,291395,1172045,6924710,1189,291.395,29.1395,1172.045,117.2045
1988-09-01,283916,1140095,6709297,1187,283.916,28.3916,1140.095,114.0095
1988-10-01,288823,1170637,6993088,1172,288.823,28.8823,1170.637,117.0637
1988-11-01,275933,1056679,6714890,1169,275.933,27.5933,1056.679,105.6679
1988-12-01,278877,1109517,6768090,1171,278.877,27.8877,1109.517,110.9517
1989-01-01,275201,1064035,6752946,1167,275.201,27.5201,1064.035,106.4035
1989-02-01,240268,961695,5795551,1170,240.268,24.0268,961.695,96.1695
1989-03-01,267086,1075759,6585982,1166,267.086,26.7086,1075.759,107.5759
1989-04-01,251898,1119422,6177061,1164,251.898,25.1898,1119.422,111.9422
1989-05-01,263877,1108425,6363377,1165,263.877,26.3877,1108.425,110.8425
1989-06-01,256121,1061814,6270716,1155,256.121,25.6121,1061.814,106.1814
1989-07-01,258906,1104081,6148877,1150,258.906,25.8906,1104.081,110.4081
1989-08-01,258011,1051388,6127034,1153,258.011,25.8011,1051.388,105.1388
1989-09-01,254922,1052634,6133683,1135,254.922,25.4922,1052.634,105.2634
1989-10-01,268070,1073552,6383258,950,268.07,26.807,1073.552,107.3552
1989-11-01,253368,1084236,6057153,1038,253.368,25.3368,1084.236,108.4236
1989-12-01,247001,1003613,5885482,1092,247.001,24.7001,1003.613,100.3613
1990-01-01,261755,1038517,6372024,1101,261.755,26.1755,1038.517,103.8517
1990-02-01,238839,1006395,5615549,1100,238.839,23.8839,1006.395,100.6395
1990-03-01,258174,1102834,6199339,1100,258.174,25.8174,1102.834,110.2834
1990-04-01,240592,1047995,5788300,1096,240.592,24.0592,1047.995,104.7995
1990-05-01,250310,1141540,5983855,1107,250.31,25.031,1141.54,114.154
1990-06-01,229406,1113519,5643382,1120,229.406,22.9406,1113.519,111.3519
1990-07-01,242378,1132344,5984043,1123,242.378,24.2378,1132.344,113.2344
1990-08-01,241812,1176704,5987944,1125,241.812,24.1812,1176.704,117.6704
1990-09-01,258268,1090565,5980639,1082,258.268,25.8268,1090.565,109.0565
1990-10-01,246981,1100585,6129984,1077,246.981,24.6981,1100.585,110.0585
1990-11-01,234986,1011938,5743990,1076,234.986,23.4986,1011.938,101.1938
1990-12-01,235698,994404,5803268,1077,235.698,23.5698,994.404,99.4404
1991-01-01,233590,953931,5708806,1076,233.59,23.359,953.931,95.3931
1991-02-01,206455,910001,5060218,1073,206.455,20.6455,910.001,91.0001
1991-03-01,227384,1057827,5521701,1068,227.384,22.7384,1057.827,105.7827
1991-04-01,218788,1049464,5327230,1069,218.788,21.8788,1049.464,104.9464
1991-05-01,224447,1036599,5435682,1070,224.447,22.4447,1036.599,103.6599
1991-06-01,223173,1015152,5350379,1068,223.173,22.3173,1015.152,101.5152
1991-07-01,234373,1103486,5493952,1069,234.373,23.4373,1103.486,110.3486
1991-08-01,237985,1019650,5516857,1070,237.985,23.7985,1019.65,101.965
1991-09-01,238262,989768,5746009,1049,238.262,23.8262,989.768,98.9768
1991-10-01,245790,1008828,5927210,1055,245.79,24.579,1008.828,100.8828
1991-11-01,243972,909085,5973817,1056,243.972,24.3972,909.085,90.9085
1991-12-01,249284,764310,6191394,1054,249.284,24.9284,764.31,76.431
1992-01-01,245436,885043,6054568,1064,245.436,24.5436,885.043,88.5043
1992-02-01,229791,789068,5685739,1064,229.791,22.9791,789.068,78.9068
1992-03-01,245471,991881,5894265,1056,245.471,24.5471,991.881,99.1881
1992-04-01,235023,943673,5582645,1058,235.023,23.5023,943.673,94.3673
1992-05-01,239456,970397,5588322,1057,239.456,23.9456,970.397,97.0397
1992-06-01,227555,947626,5331595,1059,227.555,22.7555,947.626,94.7626
1992-07-01,235186,966833,5504912,1059,235.186,23.5186,966.833,96.6833
1992-08-01,236354,954264,5642455,1060,236.354,23.6354,954.264,95.4264
1992-09-01,231862,943386,5689771,1047,231.862,23.1862,943.386,94.3386
1992-10-01,242808,922644,5727437,1044,242.808,24.2808,922.644,92.2644
1992-11-01,236571,871783,5668998,1044,236.571,23.6571,871.783,87.1783
1992-12-01,240718,931094,5696745,1046,240.718,24.0718,931.094,93.1094
1993-01-01,240299,977447,5654148,1045,240.299,24.0299,977.447,97.7447
1993-02-01,223539,916942,5160430,1052,223.539,22.3539,916.942,91.6942
1993-03-01,250770,1130165,5793889,1052,250.77,25.077,1130.165,113.0165
1993-04-01,235038,1068747,5392449,1053,235.038,23.5038,1068.747,106.8747
1993-05-01,237369,1149988,5334223,1054,237.369,23.7369,1149.988,114.9988
1993-06-01,227038,1132144,5132542,1054,227.038,22.7038,1132.144,113.2144
1993-07-01,224872,1136609,5153800,1054,224.872,22.4872,1136.609,113.6609
1993-08-01,227021,1218819,5087470,1054,227.021,22.7021,1218.819,121.8819
1993-09-01,226219,1168174,4835367,1009,226.219,22.6219,1168.174,116.8174
1993-10-01,245566,1210227,4947360,1015,245.566,24.5566,1210.227,121.0227
1993-11-01,251773,1161564,4956102,1020,251.773,25.1773,1161.564,116.1564
1993-12-01,253073,1190140,5029210,1024,253.073,25.3073,1190.14,119.014
1994-01-01,253184,1209195,4980699,1025,253.184,25.3184,1209.195,120.9195
1994-02-01,238284,1159414,4741541,1034,238.284,23.8284,1159.414,115.9414
1994-03-01,279701,1297647,5639038,1035,279.701,27.9701,1297.647,129.7647
1994-04-01,255948,1287299,5159638,1045,255.948,25.5948,1287.299,128.7299
1994-05-01,269208,1357514,5391093,1050,269.208,26.9208,1357.514,135.7514
1994-06-01,263943,1345547,5147657,1058,263.943,26.3943,1345.547,134.5547
1994-07-01,268049,1377417,5418788,1059,268.049,26.8049,1377.417,137.7417
1994-08-01,267068,1360504,5491186,1066,267.068,26.7068,1360.504,136.0504
1994-09-01,253566,1312900,5296811,1011,253.566,25.3566,1312.9,131.29
1994-10-01,256152,1295955,5476835,1001,256.152,25.6152,1295.955,129.5955
1994-11-01,247413,1210027,5370045,1009,247.413,24.7413,1210.027,121.0027
1994-12-01,257574,1133188,5744015,1009,257.574,25.7574,1133.188,113.3188
1995-01-01,250012,1194945,5539892,1009,250.012,25.0012,1194.945,119.4945
1995-02-01,230843,1122884,5104732,1014,230.843,23.0843,1122.884,112.2884
1995-03-01,256707,1236608,5627684,1009,256.707,25.6707,1236.608,123.6608
1995-04-01,256020,1241138,5627313,1019,256.02,25.602,1241.138,124.1138
1995-05-01,272095,1282072,5843873,1033,272.095,27.2095,1282.072,128.2072
1995-06-01,254964,1226638,5576958,1033,254.964,25.4964,1226.638,122.6638
1995-07-01,300917,1329486,7725382,1035,300.917,30.0917,1329.486,132.9486
1995-08-01,285129,1284065,7004930,1035,285.129,28.5129,1284.065,128.4065
1995-09-01,278257,1214106,6554065,1011,278.257,27.8257,1214.106,121.4106
1995-10-01,308804,1288803,7453250,1017,308.804,30.8804,1288.803,128.8803
1995-11-01,276559,1156016,6998520,1019,276.559,27.6559,1156.016,115.6016
1995-12-01,286892,1197269,6998700,1026,286.892,28.6892,1197.269,119.7269
1996-01-01,276525,1194163,6771458,1035,276.525,27.6525,1194.163,119.4163
1996-02-01,266039,1165607,6509856,1046,266.039,26.6039,1165.607,116.5607
1996-03-01,296149,1315238,6812748,1038,296.149,29.6149,1315.238,131.5238
1996-04-01,300998,1257756,7523818,1040,300.998,30.0998,1257.756,125.7756
1996-05-01,282517,1233428,6191621,1036,282.517,28.2517,1233.428,123.3428
1996-06-01,275734,1213360,6604394,1039,275.734,27.5734,1213.36,121.336
1996-07-01,283277,1250798,7101944,1041,283.277,28.3277,1250.798,125.0798
1996-08-01,276965,1239486,6844168,1043,276.965,27.6965,1239.486,123.9486
1996-09-01,267617,1243650,6661087,996,267.617,26.7617,1243.65,124.365
1996-10-01,285907,1262228,7252323,998,285.907,28.5907,1262.228,126.2228
1996-11-01,279283,1241489,7122324,1003,279.283,27.9283,1241.489,124.1489
1996-12-01,289654,1266314,7270375,1003,289.654,28.9654,1266.314,126.6314
1997-01-01,280995,1202974,4933074,1005,280.995,28.0995,1202.974,120.2974
1997-02-01,260744,1161835,4380579,999,260.744,26.0744,1161.835,116.1835
1997-03-01,290928,1284172,4785802,1002,290.928,29.0928,1284.172,128.4172
1997-04-01,286429,1232001,4687674,1007,286.429,28.6429,1232.001,123.2001
1997-05-01,310124,1289414,5141611,1021,310.124,31.0124,1289.414,128.9414
1997-06-01,284618,1246446,4176149,1025,284.618,28.4618,1246.446,124.6446
1997-07-01,309175,1263296,5034799,1028,309.175,30.9175,1263.296,126.3296
1997-08-01,302077,1247308,5095131,1028,302.077,30.2077,1247.308,124.7308
1997-09-01,294324,1214761,4801204,969,294.324,29.4324,1214.761,121.4761
1997-10-01,290225,1251108,4599119,965,290.225,29.0225,1251.108,125.1108
1997-11-01,276478,1222335,4437899,964,276.478,27.6478,1222.335,122.2335
1997-12-01,290129,1234577,4650252,970,290.129,29.0129,1234.577,123.4577
1998-01-01,291347,1213717,4017103,974,291.347,29.1347,1213.717,121.3717
1998-02-01,284703,1088809,3787040,981,284.703,28.4703,1088.809,108.8809
1998-03-01,344538,1229276,4699783,975,344.538,34.4538,1229.276,122.9276
1998-04-01,327305,1201782,4427938,980,327.305,32.7305,1201.782,120.1782
1998-05-01,344388,1273047,4640236,990,344.388,34.4388,1273.047,127.3047
1998-06-01,320151,1243948,4420861,994,320.151,32.0151,1243.948,124.3948
1998-07-01,319790,1286192,4395815,998,319.79,31.979,1286.192,128.6192
1998-08-01,315031,1306831,4382406,1003,315.031,31.5031,1306.831,130.6831
1998-09-01,312965,1210538,4297360,985,312.965,31.2965,1210.538,121.0538
1998-10-01,319900,1317040,4513026,993,319.9,31.99,1317.04,131.704
1998-11-01,305632,1244926,4327995,995,305.632,30.5632,1244.926,124.4926
1998-12-01,302581,1222821,4227396,995,302.581,30.2581,1222.821,122.2821
1999-01-01,296156,1219285,4276779,997,296.156,29.6156,1219.285,121.9285
1999-02-01,269427,1085993,3896632,998,269.427,26.9427,1085.993,108.5993
1999-03-01,280096,1179549,3960747,984,280.096,28.0096,1179.549,117.9549
1999-04-01,263625,1119850,3791337,983,263.625,26.3625,1119.85,111.985
1999-05-01,268439,1143516,3818449,983,268.439,26.8439,1143.516,114.3516
1999-06-01,250736,1106730,3455519,983,250.736,25.0736,1106.73,110.673
1999-07-01,256303,1129073,3581562,982,256.303,25.6303,1129.073,112.9073
1999-08-01,246081,1087601,3388575,980,246.081,24.6081,1087.601,108.7601
1999-09-01,234703,1039141,3187031,946,234.703,23.4703,1039.141,103.9141
1999-10-01,241089,1048779,3231181,948,241.089,24.1089,1048.779,104.8779
1999-11-01,235216,996706,3221525,948,235.216,23.5216,996.706,99.6706
1999-12-01,240916,967789,3296222,948,240.916,24.0916,967.789,96.7789
2000-01-01,238208,901871,3333040,946,238.208,23.8208,901.871,90.1871
2000-02-01,227107,910276,3148166,947,227.107,22.7107,910.276,91.0276
2000-03-01,231223,980918,3057314,928,231.223,23.1223,980.918,98.0918
2000-04-01,220788,976778,2952692,931,220.788,22.0788,976.778,97.6778
2000-05-01,237937,1015172,3351788,933,237.937,23.7937,1015.172,101.5172
2000-06-01,224143,969540,3080203,930,224.143,22.4143,969.54,96.954
2000-07-01,231689,975120,3183731,934,231.689,23.1689,975.12,97.512
2000-08-01,235893,1023735,3355012,936,235.893,23.5893,1023.735,102.3735
2000-09-01,222523,974184,3096858,915,222.523,22.2523,974.184,97.4184
2000-10-01,223357,677879,3107638,917,223.357,22.3357,677.879,67.7879
2000-11-01,220964,1011193,3083701,920,220.964,22.0964,1011.193,101.1193
2000-12-01,222505,1020332,3034394,922,222.505,22.2505,1020.332,102.0332
2001-01-01,226693,1052196,3332162,926,226.693,22.6693,1052.196,105.2196
2001-02-01,199520,941899,3020750,930,199.52,19.952,941.899,94.1899
2001-03-01,214241,997048,3182216,915,214.241,21.4241,997.048,99.7048
2001-04-01,205567,976859,3161559,914,205.567,20.5567,976.859,97.6859
2001-05-01,211170,1023699,3141113,917,211.17,21.117,1023.699,102.3699
2001-06-01,207075,1015691,3099662,919,207.075,20.7075,1015.691,101.5691
2001-07-01,213668,1050448,3289074,921,213.668,21.3668,1050.448,105.0448
2001-08-01,209642,1042151,3163639,920,209.642,20.9642,1042.151,104.2151
2001-09-01,193842,823977,2848225,913,193.842,19.3842,823.977,82.3977
2001-10-01,200777,765276,2996226,903,200.777,20.0777,765.276,76.5276
2001-11-01,190729,761618,2812749,903,190.729,19.0729,761.618,76.1618
2001-12-01,196810,789432,2828356,902,196.81,19.681,789.432,78.9432
2002-01-01,202025,793019,3300604,906,202.025,20.2025,793.019,79.3019
2002-02-01,182079,841790,2845483,906,182.079,18.2079,841.79,84.179
2002-03-01,197809,915004,3196509,865,197.809,19.7809,915.004,91.5004
2002-04-01,190092,890410,3056394,863,190.092,19.0092,890.41,89.041
2002-05-01,192344,941515,3026478,863,192.344,19.2344,941.515,94.1515
2002-06-01,184340,938096,2874211,859,184.34,18.434,938.096,93.8096
2002-07-01,189339,1014715,2984856,862,189.339,18.9339,1014.715,101.4715
2002-08-01,187053,1020956,2851132,862,187.053,18.7053,1020.956,102.0956
2002-09-01,178900,913631,2619220,847,178.9,17.89,913.631,91.3631
2002-10-01,185675,970997,2630407,849,185.675,18.5675,970.997,97.0997
2002-11-01,175618,940879,2423383,844,175.618,17.5618,940.879,94.0879
2002-12-01,181949,966736,2387234,850,181.949,18.1949,966.736,96.6736
2003-01-01,179118,934388,2930126,850,179.118,17.9118,934.388,93.4388
2003-02-01,161071,879428,2642052,847,161.071,16.1071,879.428,87.9428
2003-03-01,178038,986940,2872029,861,178.038,17.8038,986.94,98.694
2003-04-01,178794,953138,2807184,866,178.794,17.8794,953.138,95.3138
2003-05-01,177626,931476,2791320,871,177.626,17.7626,931.476,93.1476
2003-06-01,168460,975486,2683426,872,168.46,16.846,975.486,97.5486
2003-07-01,170598,977501,2731152,880,170.598,17.0598,977.501,97.7501
2003-08-01,164903,975077,2564502,879,164.903,16.4903,975.077,97.5077
2003-09-01,159569,919513,2420802,870,159.569,15.9569,919.513,91.9513
2003-10-01,165316,940401,2568555,868,165.316,16.5316,940.401,94.0401
2003-11-01,158034,895751,2477508,869,158.034,15.8034,895.751,89.5751
2003-12-01,157465,890458,2425045,869,157.465,15.7465,890.458,89.0458
2004-01-01,154054,886959,2286844,867,154.054,15.4054,886.959,88.6959
2004-02-01,151595,829865,2206246,871,151.595,15.1595,829.865,82.9865
2004-03-01,170637,898221,2659691,842,170.637,17.0637,898.221,89.8221
2004-04-01,167355,885348,2688014,849,167.355,16.7355,885.348,88.5348
2004-05-01,174365,927083,2846742,853,174.365,17.4365,927.083,92.7083
2004-06-01,173959,923813,2737816,859,173.959,17.3959,923.813,92.3813
2004-07-01,197854,1023640,2941384,868,197.854,19.7854,1023.64,102.364
2004-08-01,191213,991699,2804537,874,191.213,19.1213,991.699,99.1699
2004-09-01,180284,943600,2639092,887,180.284,18.0284,943.6,94.36
2004-10-01,183655,970295,2585030,887,183.655,18.3655,970.295,97.0295
2004-11-01,173821,923240,2476654,887,173.821,17.3821,923.24,92.324
2004-12-01,169951,897401,2496169,885,169.951,16.9951,897.401,89.7401
2005-01-01,172273,915673,2828512,887,172.273,17.2273,915.673,91.5673
2005-02-01,156826,851195,2536574,884,156.826,15.6826,851.195,85.1195
2005-03-01,189175,967429,2981479,893,189.175,18.9175,967.429,96.7429
2005-04-01,187268,954218,2986870,890,187.268,18.7268,954.218,95.4218
2005-05-01,184709,1000528,3063041,887,184.709,18.4709,1000.528,100.0528
2005-06-01,176467,932725,2939692,895,176.467,17.6467,932.725,93.2725
2005-07-01,180515,956766,3084282,896,180.515,18.0515,956.766,95.6766
2005-08-01,181824,934469,2922271,895,181.824,18.1824,934.469,93.4469
2005-09-01,170426,854592,2736571,879,170.426,17.0426,854.592,85.4592
2005-10-01,177808,914077,2984200,876,177.808,17.7808,914.077,91.4077
2005-11-01,171464,863425,2827434,876,171.464,17.1464,863.425,86.3425
2005-12-01,166313,809860,2706496,874,166.313,16.6313,809.86,80.986
2006-01-01,172088,874477,2875298,879,172.088,17.2088,874.477,87.4477
2006-02-01,155811,809460,2594680,881,155.811,15.5811,809.46,80.946
2006-03-01,168895,911625,2862512,892,168.895,16.8895,911.625,91.1625
2006-04-01,163427,867350,2671146,894,163.427,16.3427,867.35,86.735
2006-05-01,167601,915745,2717977,897,167.601,16.7601,915.745,91.5745
2006-06-01,168976,911461,2749433,908,168.976,16.8976,911.461,91.1461
2006-07-01,167149,931496,2736407,911,167.149,16.7149,931.496,93.1496
2006-08-01,167748,927215,2691348,916,167.748,16.7748,927.215,92.7215
2006-09-01,164419,886366,2674517,888,164.419,16.4419,886.366,88.6366
2006-10-01,174420,961735,2804494,909,174.42,17.442,961.735,96.1735
2006-11-01,164736,931288,2620642,913,164.736,16.4736,931.288,93.1288
2006-12-01,164613,933477,2630215,913,164.613,16.4613,933.477,93.3477
2007-01-01,163819,929699,2992696,911,163.819,16.3819,929.699,92.9699
2007-02-01,146846,841486,2685511,915,146.846,14.6846,841.486,84.1486
2007-03-01,166814,968596,3160977,918,166.814,16.6814,968.596,96.8596
2007-04-01,160091,966120,3010292,918,160.091,16.0091,966.12,96.612
2007-05-01,173629,976009,3382763,926,173.629,17.3629,976.009,97.6009
2007-06-01,157058,927638,2856010,934,157.058,15.7058,927.638,92.7638
2007-07-01,161943,957588,2839682,937,161.943,16.1943,957.588,95.7588
2007-08-01,165071,841931,3094215,938,165.071,16.5071,841.931,84.1931
2007-09-01,198945,836507,3023150,916,198.945,19.8945,836.507,83.6507
2007-10-01,165205,957641,2698268,920,165.205,16.5205,957.641,95.7641
2007-11-01,151562,896267,2710620,920,151.562,15.1562,896.267,89.6267
2007-12-01,159262,841682,2818133,919,159.262,15.9262,841.682,84.1682
2008-01-01,156128,916175,2747784,919,156.128,15.6128,916.175,91.6175
2008-02-01,143984,855934,2694098,921,143.984,14.3984,855.934,85.5934
2008-03-01,151784,874347,2766289,913,151.784,15.1784,874.347,87.4347
2008-04-01,139310,857521,2324777,914,139.31,13.931,857.521,85.7521
2008-05-01,149468,896950,2746900,914,149.468,14.9468,896.95,89.695
2008-06-01,137664,797572,2511324,921,137.664,13.7664,797.572,79.7572
2008-07-01,146936,926174,2605531,932,146.936,14.6936,926.174,92.6174
2008-08-01,156693,918180,2876858,937,156.693,15.6693,918.18,91.818
2008-09-01,152341,584720,2826806,927,152.341,15.2341,584.72,58.472
2008-10-01,162728,975941,2963900,929,162.728,16.2728,975.941,97.5941
2008-11-01,162257,902632,3214387,932,162.257,16.2257,902.632,90.2632
2008-12-01,169099,918746,3173928,937,169.099,16.9099,918.746,91.8746
2009-01-01,159132,835151,2540311,941,159.132,15.9132,835.151,83.5151
2009-02-01,141805,715117,2083265,941,141.805,14.1805,715.117,71.5117
2009-03-01,153642,752190,2274258,948,153.642,15.3642,752.19,75.219
2009-04-01,147745,871061,2235369,953,147.745,14.7745,871.061,87.1061
2009-05-01,152703,911191,2375106,954,152.703,15.2703,911.191,91.1191
2009-06-01,142705,856854,2184732,959,142.705,14.2705,856.854,85.6854
2009-07-01,150401,867505,2355246,971,150.401,15.0401,867.505,86.7505
2009-08-01,149365,836286,2455168,971,149.365,14.9365,836.286,83.6286
2009-09-01,142773,796545,2324490,993,142.773,14.2773,796.545,79.6545
2009-10-01,150358,780548,2389112,994,150.358,15.0358,780.548,78.0548
2009-11-01,145490,782936,2292064,987,145.49,14.549,782.936,78.2936
2009-12-01,146786,775111,2290410,988,146.786,14.6786,775.111,77.5111
2010-01-01,144236,793488,3107773,988,144.236,14.4236,793.488,79.3488
2010-02-01,134496,726499,2848011,990,134.496,13.4496,726.499,72.6499
2010-03-01,148205,802589,3140654,986,148.205,14.8205,802.589,80.2589
2010-04-01,141683,769015,3067661,988,141.683,14.1683,769.015,76.9015
2010-05-01,142654,795342,3075304,987,142.654,14.2654,795.342,79.5342
2010-06-01,136293,761326,2906651,987,136.293,13.6293,761.326,76.1326
2010-07-01,139464,782123,3032145,998,139.464,13.9464,782.123,78.2123
2010-08-01,133854,787472,2931944,997,133.854,13.3854,787.472,78.7472
2010-09-01,115431,695323,2605431,972,115.431,11.5431,695.323,69.5323
2010-10-01,139125,791116,3097241,975,139.125,13.9125,791.116,79.1116
2010-11-01,138874,762999,3040224,976,138.874,13.8874,762.999,76.2999
2010-12-01,146469,777026,3166968,975,146.469,14.6469,777.026,77.7026
2011-01-01,142962,784332,4010212,978,142.962,14.2962,784.332,78.4332
2011-02-01,115775,656991,2769681,978,115.775,11.5775,656.991,65.6991
2011-03-01,138676,800587,3809938,977,138.676,13.8676,800.587,80.0587
2011-04-01,129548,718446,3246918,978,129.548,12.9548,718.446,71.8446
2011-05-01,138260,759294,3790159,978,138.26,13.826,759.294,75.9294
2011-06-01,132733,724742,3787288,978,132.733,13.2733,724.742,72.4742
2011-07-01,136499,746021,3918415,979,136.499,13.6499,746.021,74.6021
2011-08-01,137854,725209,3762680,981,137.854,13.7854,725.209,72.5209
2011-09-01,131654,675648,3564975,919,131.654,13.1654,675.648,67.5648
2011-10-01,137233,765904,3678316,924,137.233,13.7233,765.904,76.5904
2011-11-01,132269,679607,3494939,921,132.269,13.2269,679.607,67.9607
2011-12-01,135701,729554,3545571,921,135.701,13.5701,729.554,72.9554
2012-01-01,136299,654089,3140562,903,136.299,13.6299,654.089,65.4089
2012-02-01,130573,689699,2987002,921,130.573,13.0573,689.699,68.9699
2012-03-01,137985,723071,3047904,920,137.985,13.7985,723.071,72.3071
2012-04-01,136342,684903,2970136,919,136.342,13.6342,684.903,68.4903
2012-05-01,138016,589794,2924739,922,138.016,13.8016,589.794,58.9794
2012-06-01,137921,679813,2951746,919,137.921,13.7921,679.813,67.9813
2012-07-01,140268,734001,2899051,920,140.268,14.0268,734.001,73.4001
2012-08-01,137503,749789,2794838,933,137.503,13.7503,749.789,74.9789
2012-09-01,130428,717391,2630178,988,130.428,13.0428,717.391,71.7391
2012-10-01,144572,604978,2848101,978,144.572,14.4572,604.978,60.4978
2012-11-01,139663,678386,2774459,994,139.663,13.9663,678.386,67.8386
2012-12-01,140581,608087,2767673,956,140.581,14.0581,608.087,60.8087
2013-01-01,138563,708882,2635565,1006,138.563,13.8563,708.882,70.8882
2013-02-01,128253,669370,2462913,1011,128.253,12.8253,669.37,66.937
2013-03-01,141514,675833,2587656,1020,141.514,14.1514,675.833,67.5833
2013-04-01,141886,644006,2509332,1015,141.886,14.1886,644.006,64.4006
2013-05-01,153865,668951,2783990,985,153.865,15.3865,668.951,66.8951
2013-06-01,139603,627809,2500918,898,139.603,13.9603,627.809,62.7809
2013-07-01,155822,650687,2524396,918,155.822,15.5822,650.687,65.0687
2013-08-01,157764,625804,2667217,896,157.764,15.7764,625.804,62.5804
2013-09-01,143701,617461,2313112,913,143.701,14.3701,617.461,61.7461
2013-10-01,146326,613370,2393131,958,146.326,14.6326,613.37,61.337
2013-11-01,143487,609745,2240960,944,143.487,14.3487,609.745,60.9745
2013-12-01,154683,773315,2397999,1023,154.683,15.4683,773.315,77.3315
2014-01-01,160299,778707,2675003,1026,160.299,16.0299,778.707,77.8707
2014-02-01,133547,601751,2187249,1049,133.547,13.3547,601.751,60.1751
2014-03-01,158940,646333,2561749,1052,158.94,15.894,646.333,64.6333
2014-04-01,157493,577086,2437017,1055,157.493,15.7493,577.086,57.7086
2014-05-01,155985,585628,2411887,1017,155.985,15.5985,585.628,58.5628
2014-06-01,151034,587643,2331162,1011,151.034,15.1034,587.643,58.7643
2014-07-01,161089,771020,2460651,1059,161.089,16.1089,771.02,77.102
2014-08-01,156355,809677,2327101,1057,156.355,15.6355,809.677,80.9677
2014-09-01,151566,766320,2242408,1027,151.566,15.1566,766.32,76.632
2014-10-01,162443,827120,2378195,1064,162.443,16.2443,827.12,82.712
2014-11-01,163767,761925,2400460,1062,163.767,16.3767,761.925,76.1925
2014-12-01,175347,813046,2673600,1029,175.347,17.5347,813.046,81.3046
2015-01-01,151840,771466,2494452,1055,151.84,15.184,771.466,77.1466
2015-02-01,162566,904507,2554410,1055,162.566,16.2566,904.507,90.4507
2015-03-01,184690,1035206,2984342,1055,184.69,18.469,1035.206,103.5206
2015-04-01,169791,988563,2703928,1053,169.791,16.9791,988.563,98.8563
2015-05-01,171885,979116,2776567,1052,171.885,17.1885,979.116,97.9116
2015-06-01,165714,933168,2632080,1062,165.714,16.5714,933.168,93.3168
2015-07-01,168476,949521,2679346,1062,168.476,16.8476,949.521,94.9521
2015-08-01,179055,977812,2644325,1059,179.055,17.9055,977.812,97.7812
2015-09-01,183169,895934,2597040,1034,183.169,18.3169,895.934,89.5934
2015-10-01,184325,941646,2619472,1032,184.325,18.4325,941.646,94.1646
2015-11-01,175590,912176,2519422,1037,175.59,17.559,912.176,91.2176
2015-12-01,185809,895066,2849572,1036,185.809,18.5809,895.066,89.5066
2016-01-01,162837,929254,1701774,1039,162.837,16.2837,929.254,92.9254
2016-02-01,170442,838702,1832649,1040,170.442,17.0442,838.702,83.8702
2016-03-01,179109,893039,1931575,1037,179.109,17.9109,893.039,89.3039
2016-04-01,171139,874669,1859198,1035,171.139,17.1139,874.669,87.4669
2016-05-01,172279,875076,1829580,1030,172.279,17.2279,875.076,87.5076
2016-06-01,153197,823553,1645778,1018,153.197,15.3197,823.553,82.3553
2016-07-01,164179,929962,1681086,1020,164.179,16.4179,929.962,92.9962
2016-08-01,169220,945446,1807467,1023,169.22,16.922,945.446,94.5446
2016-09-01,159707,917693,1726113,1008,159.707,15.9707,917.693,91.7693
2016-10-01,167731,942817,1778094,1009,167.731,16.7731,942.817,94.2817
2016-11-01,161909,879115,1696194,1009,161.909,16.1909,879.115,87.9115
2016-12-01,163604,867581,1694722,1009,163.604,16.3604,867.581,86.7581
2017-01-01,116973,742715,1509190,1006,116.973,11.6973,742.715,74.2715
2017-02-01,132420,714507,1618126,1009,132.42,13.242,714.507,71.4507
2017-03-01,146996,806865,1897286,1005,146.996,14.6996,806.865,80.6865
2017-04-01,130278,758527,1682018,1007,130.278,13.0278,758.527,75.8527
2017-05-01,137336,792157,1747960,1007,137.336,13.7336,792.157,79.2157
2017-06-01,134783,779520,1718955,1010,134.783,13.4783,779.52,77.952
2017-07-01,140150,800262,1789910,1011,140.15,14.015,800.262,80.0262
2017-08-01,149867,813159,1844664,1012,149.867,14.9867,813.159,81.3159
2017-09-01,143648,769979,1759455,1000,143.648,14.3648,769.979,76.9979
2017-10-01,136125,785126,1774568,1005,136.125,13.6125,785.126,78.5126
2017-11-01,138582,766839,1836451,1006,138.582,13.8582,766.839,76.6839
2017-12-01,140033,789840,1764320,1006,140.033,14.0033,789.84,78.984
2018-01-01,145566,787451,2052578,1006,145.566,14.5566,787.451,78.7451
2018-02-01,144092,737132,2020773,1007,144.092,14.4092,737.132,73.7132
2018-03-01,160959,833147,2228781,1005,160.959,16.0959,833.147,83.3147
2018-04-01,150821,786855,2069384,1004,150.821,15.0821,786.855,78.6855
2018-05-01,150086,832932,2061065,1005,150.086,15.0086,832.932,83.2932
2018-06-01,140761,796777,1880601,1006,140.761,14.0761,796.777,79.6777
2018-07-01,150598,818250,2035208,1004,150.598,15.0598,818.25,81.825
2018-08-01,155715,745142,2060167,1006,155.715,15.5715,745.142,74.5142
2018-09-01,158389,790246,2032501,986,158.389,15.8389,790.246,79.0246
2018-10-01,174152,844320,2245240,989,174.152,17.4152,844.32,84.432
2018-11-01,160634,817725,2139934,978,160.634,16.0634,817.725,81.7725
2018-12-01,169982,821286,2061031,975,169.982,16.9982,821.286,82.1286
2019-01-01,182333,809042,1935160,966,182.333,18.2333,809.042,80.9042
2019-02-01,167117,717666,1837653,969,167.117,16.7117,717.666,71.7666
2019-03-01,193762,846030,2102270,974,193.762,19.3762,846.03,84.603
2019-04-01,193953,830945,1974734,964,193.953,19.3953,830.945,83.0945
2019-05-01,216069,844955,2190635,966,216.069,21.6069,844.955,84.4955
2019-06-01,219255,922067,2085385,989,219.255,21.9255,922.067,92.2067
2019-07-01,230350,876313,2142428,989,230.35,23.035,876.313,87.6313
2019-08-01,247718,923492,2146436,997,247.718,24.7718,923.492,92.3492
2019-09-01,245213,950056,2200541,959,245.213,24.5213,950.056,95.0056
2019-10-01,265406,998778,2307637,966,265.406,26.5406,998.778,99.8778
2019-11-01,253063,973309,2336197,967,253.063,25.3063,973.309,97.3309
2019-12-01,257449,1024559,2369269,974,257.449,25.7449,1024.559,102.4559
2020-01-01,275975,1086327,2983207,980,275.975,27.5975,1086.327,108.6327
2020-02-01,247906,767463,2566644,978,247.906,24.7906,767.463,76.7463
2020-03-01,266315,955995,2761067,977,266.315,26.6315,955.995,95.5995
2020-04-01,236224,1087929,2545439,994,236.224,23.6224,1087.929,108.7929
2020-05-01,170153,876133,2089410,800,170.153,17.0153,876.133,87.6133
2020-06-01,220019,798203,2309468,812,220.019,22.0019,798.203,79.8203
2020-07-01,229677,1192220,2408881,707,229.677,22.9677,1192.22,119.222
2020-08-01,231381,1197275,2433648,709,231.381,23.1381,1197.275,119.7275
2020-09-01,200436,1062713,2099015,919,200.436,20.0436,1062.713,106.2713
2020-10-01,219096,1196879,2490340,922,219.096,21.9096,1196.879,119.6879
2020-11-01,218370,1131858,2570909,917,218.37,21.837,1131.858,113.1858
2020-12-01,211222,1114574,2462091,924,211.222,21.1222,1114.574,111.4574
2021-01-01,210843,1233613,2360123,923,210.843,21.0843,1233.613,123.3613
2021-02-01,164168,851703,1796938,923,164.168,16.4168,851.703,85.1703
2021-03-01,243016,1157992,2700217,923,243.016,24.3016,1157.992,115.7992
2021-04-01,231769,1178792,2679643,926,231.769,23.1769,1178.792,117.8792
2021-05-01,238546,950084,3150381,930,238.546,23.8546,950.084,95.0084
2021-06-01,200332,914030,2333324,586,200.332,20.0332,914.03,91.403
2021-07-01,220864,1002275,2700695,588,220.864,22.0864,1002.275,100.2275
2021-08-01,206105,1023171,2621093,506,206.105,20.6105,1023.171,102.3171
2021-09-01,203026,973874,2505375,931,203.026,20.3026,973.874,97.3874
2021-10-01,201477,897893,2418213,798,201.477,20.1477,897.893,89.7893
